ClipID,Blinking,Smiling,Head Movement,Boredom,Engagement,Confusion,Frustration,EngagementLevel,Directory,GenerativeTimer,EngagementCounter,_merge
50004410014,0.0,0.0,1.0,,,,,,,,,left_only
50004410024,3.0,6.0,3.0,,,,,,,,,left_only
50004410034,0.0,0.0,0.0,,,,,,,,,left_only
50004410054,0.0,0.0,0.0,,,,,,,,,left_only
50004410064,1.0,0.0,0.0,,,,,,,,,left_only
50004410074,0.0,0.0,0.0,,,,,,,,,left_only
50004410084,1.0,1.0,0.0,,,,,,,,,left_only
50004410094,1.0,1.0,0.0,,,,,,,,,left_only
50004410104,1.0,0.0,0.0,,,,,,,,,left_only
50004410124,0.0,0.0,0.0,,,,,,,,,left_only
50004410134,2.0,1.0,0.0,,,,,,,,,left_only
50004410144,3.0,4.0,0.0,,,,,,,,,left_only
50004410154,2.0,0.0,0.0,,,,,,,,,left_only
50004410164,1.0,0.0,0.0,,,,,,,,,left_only
50004410174,0.0,0.0,0.0,,,,,,,,,left_only
50004410184,3.0,2.0,0.0,,,,,,,,,left_only
50004410214,1.0,1.0,0.0,,,,,,,,,left_only
50004410224,2.0,2.0,0.0,,,,,,,,,left_only
50004410234,1.0,0.0,0.0,,,,,,,,,left_only
50004410244,0.0,0.0,0.0,,,,,,,,,left_only
50004410274,0.0,0.0,0.0,,,,,,,,,left_only
50004410304,2.0,1.0,0.0,,,,,,,,,left_only
50004410314,1.0,1.0,0.0,,,,,,,,,left_only
50004410324,2.0,0.0,0.0,,,,,,,,,left_only
50004410334,1.0,1.0,0.0,,,,,,,,,left_only
50004410344,3.0,2.0,3.0,,,,,,,,,left_only
50004410354,2.0,1.0,0.0,,,,,,,,,left_only
50004410374,2.0,1.0,0.0,,,,,,,,,left_only
50004410384,3.0,1.0,0.0,,,,,,,,,left_only
50004410394,2.0,0.0,0.0,,,,,,,,,left_only
50004410404,2.0,1.0,0.0,,,,,,,,,left_only
50004410414,2.0,2.0,0.0,,,,,,,,,left_only
50004410424,1.0,0.0,0.0,,,,,,,,,left_only
50004410434,1.0,0.0,2.0,,,,,,,,,left_only
50004410444,1.0,5.0,0.0,,,,,,,,,left_only
50004410454,0.0,0.0,0.0,,,,,,,,,left_only
50004410464,0.0,0.0,0.0,,,,,,,,,left_only
50004410474,3.0,4.0,0.0,,,,,,,,,left_only
50004410484,1.0,1.0,0.0,,,,,,,,,left_only
50004410504,4.0,4.0,0.0,,,,,,,,,left_only
50004410514,1.0,0.0,0.0,,,,,,,,,left_only
50004410524,1.0,1.0,0.0,,,,,,,,,left_only
50004410534,0.0,0.0,0.0,,,,,,,,,left_only
50004410544,0.0,1.0,0.0,,,,,,,,,left_only
50004410554,0.0,0.0,0.0,,,,,,,,,left_only
50004410584,3.0,2.0,0.0,,,,,,,,,left_only
50004410594,4.0,2.0,0.0,,,,,,,,,left_only
50004410614,2.0,0.0,0.0,,,,,,,,,left_only
50004410624,1.0,0.0,0.0,,,,,,,,,left_only
50004410644,0.0,0.0,0.0,,,,,,,,,left_only
50004410654,0.0,0.0,0.0,,,,,,,,,left_only
50004410664,0.0,1.0,0.0,,,,,,,,,left_only
50004410674,3.0,4.0,0.0,,,,,,,,,left_only
50004410684,4.0,4.0,1.0,,,,,,,,,left_only
50004410694,0.0,0.0,0.0,,,,,,,,,left_only
50004410704,1.0,1.0,0.0,,,,,,,,,left_only
50004410714,1.0,5.0,0.0,,,,,,,,,left_only
50004410724,0.0,0.0,0.0,,,,,,,,,left_only
50004420014,2.0,3.0,0.0,,,,,,,,,left_only
50004420024,1.0,1.0,0.0,,,,,,,,,left_only
50004420034,0.0,0.0,0.0,,,,,,,,,left_only
50004420044,2.0,0.0,2.0,,,,,,,,,left_only
50004420054,2.0,2.0,0.0,,,,,,,,,left_only
50004420074,1.0,1.0,0.0,,,,,,,,,left_only
50004420084,1.0,1.0,0.0,,,,,,,,,left_only
50004420094,1.0,0.0,0.0,,,,,,,,,left_only
50004420104,2.0,3.0,0.0,,,,,,,,,left_only
50004420144,2.0,2.0,0.0,,,,,,,,,left_only
50004420154,0.0,0.0,0.0,,,,,,,,,left_only
50004420164,0.0,0.0,0.0,,,,,,,,,left_only
50004420194,0.0,0.0,0.0,,,,,,,,,left_only
50004420214,2.0,0.0,0.0,,,,,,,,,left_only
50004420224,1.0,1.0,0.0,,,,,,,,,left_only
50004420244,1.0,0.0,0.0,,,,,,,,,left_only
50004420254,2.0,1.0,0.0,,,,,,,,,left_only
50004420264,1.0,0.0,0.0,,,,,,,,,left_only
50004420274,0.0,0.0,0.0,,,,,,,,,left_only
50004420284,3.0,1.0,0.0,,,,,,,,,left_only
50004420294,0.0,0.0,0.0,,,,,,,,,left_only
50004420334,1.0,1.0,0.0,,,,,,,,,left_only
50004420344,0.0,0.0,0.0,,,,,,,,,left_only
50004420354,2.0,0.0,0.0,,,,,,,,,left_only
50004420364,0.0,0.0,0.0,,,,,,,,,left_only
50004420374,2.0,1.0,0.0,,,,,,,,,left_only
50004420384,1.0,0.0,0.0,,,,,,,,,left_only
50004420394,1.0,0.0,0.0,,,,,,,,,left_only
50004420404,1.0,0.0,0.0,,,,,,,,,left_only
50004420424,0.0,0.0,0.0,,,,,,,,,left_only
50004420434,0.0,0.0,0.0,,,,,,,,,left_only
50004420454,1.0,1.0,0.0,,,,,,,,,left_only
50004420474,2.0,1.0,0.0,,,,,,,,,left_only
50004420484,1.0,0.0,0.0,,,,,,,,,left_only
50004420504,3.0,0.0,0.0,,,,,,,,,left_only
50004420514,0.0,0.0,0.0,,,,,,,,,left_only
50004420524,2.0,1.0,0.0,,,,,,,,,left_only
50004420534,1.0,0.0,0.0,,,,,,,,,left_only
50004420544,2.0,0.0,0.0,,,,,,,,,left_only
50004420554,1.0,2.0,0.0,,,,,,,,,left_only
50004420564,1.0,1.0,0.0,,,,,,,,,left_only
50004420574,2.0,0.0,0.0,,,,,,,,,left_only
50004420584,1.0,0.0,0.0,,,,,,,,,left_only
50004420594,0.0,0.0,0.0,,,,,,,,,left_only
50004420604,1.0,0.0,0.0,,,,,,,,,left_only
50004420624,0.0,0.0,0.0,,,,,,,,,left_only
50004420634,0.0,0.0,0.0,,,,,,,,,left_only
50004420644,1.0,0.0,0.0,,,,,,,,,left_only
50004420654,0.0,0.0,0.0,,,,,,,,,left_only
50004420664,2.0,0.0,0.0,,,,,,,,,left_only
50004420674,0.0,1.0,0.0,,,,,,,,,left_only
50004420684,0.0,0.0,0.0,,,,,,,,,left_only
50004420694,2.0,3.0,0.0,,,,,,,,,left_only
50004420704,0.0,0.0,0.0,,,,,,,,,left_only
50004420724,0.0,0.0,0.0,,,,,,,,,left_only
50004420734,1.0,0.0,0.0,,,,,,,,,left_only
50004420744,1.0,1.0,0.0,,,,,,,,,left_only
50004420754,0.0,0.0,0.0,,,,,,,,,left_only
50004420764,2.0,1.0,0.0,,,,,,,,,left_only
50004420774,0.0,0.0,1.0,,,,,,,,,left_only
50004420784,1.0,0.0,0.0,,,,,,,,,left_only
50006710014,6.0,4.0,0.0,,,,,,,,,left_only
50006710024,3.0,0.0,0.0,,,,,,,,,left_only
50006710034,10.0,0.0,0.0,,,,,,,,,left_only
50006710044,4.0,0.0,0.0,,,,,,,,,left_only
50006710054,6.0,2.0,0.0,,,,,,,,,left_only
50006710064,3.0,0.0,0.0,,,,,,,,,left_only
50006710084,8.0,3.0,0.0,,,,,,,,,left_only
50006710094,2.0,1.0,0.0,,,,,,,,,left_only
50006710104,6.0,2.0,0.0,,,,,,,,,left_only
50006710114,8.0,1.0,1.0,,,,,,,,,left_only
50006710124,8.0,4.0,0.0,,,,,,,,,left_only
50006710134,4.0,2.0,0.0,,,,,,,,,left_only
50006710144,2.0,0.0,0.0,,,,,,,,,left_only
50006710154,8.0,6.0,0.0,,,,,,,,,left_only
50006710164,5.0,4.0,1.0,,,,,,,,,left_only
50006710174,9.0,3.0,0.0,,,,,,,,,left_only
50006710184,4.0,2.0,0.0,,,,,,,,,left_only
50006710194,4.0,1.0,0.0,,,,,,,,,left_only
50006710204,4.0,3.0,0.0,,,,,,,,,left_only
50006710224,3.0,3.0,0.0,,,,,,,,,left_only
50006710234,2.0,4.0,0.0,,,,,,,,,left_only
50006710244,3.0,1.0,0.0,,,,,,,,,left_only
50006710264,2.0,2.0,0.0,,,,,,,,,left_only
50006710274,3.0,3.0,0.0,,,,,,,,,left_only
50006710284,10.0,4.0,7.0,,,,,,,,,left_only
50006710294,4.0,0.0,0.0,,,,,,,,,left_only
50006710304,5.0,5.0,3.0,,,,,,,,,left_only
50006710314,5.0,3.0,2.0,,,,,,,,,left_only
50006710324,5.0,2.0,0.0,,,,,,,,,left_only
50006710334,1.0,0.0,1.0,,,,,,,,,left_only
50006710344,5.0,3.0,0.0,,,,,,,,,left_only
50006710354,6.0,6.0,0.0,,,,,,,,,left_only
50006710364,0.0,0.0,0.0,,,,,,,,,left_only
50006710374,6.0,10.0,1.0,,,,,,,,,left_only
50006710384,4.0,2.0,0.0,,,,,,,,,left_only
50006710394,7.0,7.0,0.0,,,,,,,,,left_only
50006710404,6.0,7.0,2.0,,,,,,,,,left_only
50006710414,4.0,1.0,0.0,,,,,,,,,left_only
50006710424,5.0,2.0,0.0,,,,,,,,,left_only
50006710434,1.0,0.0,0.0,,,,,,,,,left_only
50006710464,4.0,5.0,0.0,,,,,,,,,left_only
50006710474,3.0,2.0,0.0,,,,,,,,,left_only
50006710484,3.0,1.0,0.0,,,,,,,,,left_only
50006710494,5.0,1.0,0.0,,,,,,,,,left_only
50006710504,5.0,1.0,1.0,,,,,,,,,left_only
50006710514,5.0,3.0,0.0,,,,,,,,,left_only
50006710534,1.0,1.0,1.0,,,,,,,,,left_only
50006710554,5.0,3.0,0.0,,,,,,,,,left_only
50006710564,3.0,2.0,0.0,,,,,,,,,left_only
50006710574,4.0,3.0,0.0,,,,,,,,,left_only
50006710584,5.0,3.0,1.0,,,,,,,,,left_only
50006710594,0.0,0.0,2.0,,,,,,,,,left_only
50006710604,4.0,1.0,0.0,,,,,,,,,left_only
50006710614,5.0,6.0,0.0,,,,,,,,,left_only
50006710624,7.0,3.0,0.0,,,,,,,,,left_only
50006710634,7.0,3.0,0.0,,,,,,,,,left_only
50006710644,4.0,2.0,0.0,,,,,,,,,left_only
50006710654,6.0,5.0,0.0,,,,,,,,,left_only
50006710664,5.0,0.0,0.0,,,,,,,,,left_only
50006710674,5.0,2.0,0.0,,,,,,,,,left_only
50006710694,4.0,0.0,0.0,,,,,,,,,left_only
50006710704,7.0,0.0,0.0,,,,,,,,,left_only
50006710714,5.0,0.0,1.0,,,,,,,,,left_only
50006720024,5.0,1.0,2.0,,,,,,,,,left_only
50006720044,1.0,0.0,0.0,,,,,,,,,left_only
50006720054,6.0,2.0,0.0,,,,,,,,,left_only
50006720064,3.0,3.0,0.0,,,,,,,,,left_only
50006720074,0.0,1.0,0.0,,,,,,,,,left_only
50006720084,0.0,2.0,0.0,,,,,,,,,left_only
50006720104,5.0,2.0,0.0,,,,,,,,,left_only
50006720114,3.0,4.0,0.0,,,,,,,,,left_only
50006720124,4.0,2.0,0.0,,,,,,,,,left_only
50006720134,4.0,2.0,0.0,,,,,,,,,left_only
50006720144,2.0,0.0,0.0,,,,,,,,,left_only
50006720164,2.0,0.0,0.0,,,,,,,,,left_only
50006720174,2.0,0.0,0.0,,,,,,,,,left_only
50006720194,0.0,1.0,0.0,,,,,,,,,left_only
50006720204,4.0,3.0,0.0,,,,,,,,,left_only
50006720214,0.0,0.0,0.0,,,,,,,,,left_only
50006720224,0.0,0.0,0.0,,,,,,,,,left_only
50006720234,1.0,1.0,0.0,,,,,,,,,left_only
50006720244,1.0,1.0,0.0,,,,,,,,,left_only
50006720254,3.0,3.0,0.0,,,,,,,,,left_only
50006720264,2.0,1.0,0.0,,,,,,,,,left_only
50006720274,4.0,3.0,0.0,,,,,,,,,left_only
50006720304,4.0,0.0,0.0,,,,,,,,,left_only
50006720314,2.0,0.0,0.0,,,,,,,,,left_only
50006720334,3.0,0.0,0.0,,,,,,,,,left_only
50006720344,1.0,1.0,0.0,,,,,,,,,left_only
50006720354,1.0,2.0,0.0,,,,,,,,,left_only
50006720364,3.0,0.0,0.0,,,,,,,,,left_only
50006720384,5.0,8.0,0.0,,,,,,,,,left_only
50006720424,2.0,0.0,0.0,,,,,,,,,left_only
50006720434,2.0,0.0,0.0,,,,,,,,,left_only
50006720444,7.0,0.0,0.0,,,,,,,,,left_only
50006720454,1.0,0.0,0.0,,,,,,,,,left_only
50006720464,3.0,5.0,0.0,,,,,,,,,left_only
50006720474,1.0,3.0,0.0,,,,,,,,,left_only
50006720484,1.0,0.0,0.0,,,,,,,,,left_only
50006720494,2.0,2.0,0.0,,,,,,,,,left_only
50006720504,3.0,3.0,0.0,,,,,,,,,left_only
50006720514,1.0,1.0,0.0,,,,,,,,,left_only
50006720524,2.0,4.0,0.0,,,,,,,,,left_only
50006720534,9.0,4.0,0.0,,,,,,,,,left_only
50006720544,0.0,3.0,0.0,,,,,,,,,left_only
50006720554,3.0,4.0,0.0,,,,,,,,,left_only
50006720564,4.0,8.0,0.0,,,,,,,,,left_only
50006720574,3.0,0.0,0.0,,,,,,,,,left_only
50006720584,3.0,3.0,0.0,,,,,,,,,left_only
50006720594,3.0,2.0,0.0,,,,,,,,,left_only
50006720604,4.0,2.0,0.0,,,,,,,,,left_only
50006720624,1.0,0.0,0.0,,,,,,,,,left_only
50006720644,2.0,1.0,0.0,,,,,,,,,left_only
50006720654,7.0,1.0,0.0,,,,,,,,,left_only
50006720664,9.0,5.0,0.0,,,,,,,,,left_only
50006720674,5.0,1.0,0.0,,,,,,,,,left_only
50006720684,4.0,3.0,0.0,,,,,,,,,left_only
50006720704,2.0,5.0,3.0,,,,,,,,,left_only
50006720714,8.0,4.0,1.0,,,,,,,,,left_only
50006720724,6.0,1.0,9.0,,,,,,,,,left_only
50006720744,5.0,5.0,0.0,,,,,,,,,left_only
50006720754,2.0,2.0,0.0,,,,,,,,,left_only
50006720764,2.0,0.0,0.0,,,,,,,,,left_only
50006720774,2.0,0.0,0.0,,,,,,,,,left_only
50006720814,5.0,5.0,0.0,,,,,,,,,left_only
50006720824,4.0,5.0,1.0,,,,,,,,,left_only
50009510014,2.0,1.0,0.0,,,,,,,,,left_only
50009510024,2.0,1.0,0.0,,,,,,,,,left_only
50009510034,0.0,1.0,0.0,,,,,,,,,left_only
50009510044,3.0,3.0,0.0,,,,,,,,,left_only
50009510054,4.0,1.0,0.0,,,,,,,,,left_only
50009510064,4.0,6.0,0.0,,,,,,,,,left_only
50009510074,0.0,2.0,0.0,,,,,,,,,left_only
50009510084,2.0,2.0,0.0,,,,,,,,,left_only
50009510094,0.0,0.0,0.0,,,,,,,,,left_only
50009510104,3.0,3.0,5.0,,,,,,,,,left_only
50009510114,4.0,7.0,0.0,,,,,,,,,left_only
50009510124,2.0,0.0,0.0,,,,,,,,,left_only
50009510134,5.0,2.0,0.0,,,,,,,,,left_only
50009510154,2.0,0.0,0.0,,,,,,,,,left_only
50009510164,5.0,1.0,0.0,,,,,,,,,left_only
50009510174,2.0,1.0,1.0,,,,,,,,,left_only
50009510184,2.0,2.0,0.0,,,,,,,,,left_only
50009510194,2.0,2.0,0.0,,,,,,,,,left_only
50009510214,3.0,2.0,0.0,,,,,,,,,left_only
50009510234,4.0,1.0,4.0,,,,,,,,,left_only
50009510244,0.0,0.0,0.0,,,,,,,,,left_only
50009510254,1.0,5.0,0.0,,,,,,,,,left_only
50009510274,2.0,3.0,4.0,,,,,,,,,left_only
50009510284,6.0,7.0,0.0,,,,,,,,,left_only
50009510334,7.0,6.0,0.0,,,,,,,,,left_only
50009510344,5.0,3.0,3.0,,,,,,,,,left_only
50009510354,6.0,2.0,0.0,,,,,,,,,left_only
50009510374,4.0,5.0,0.0,,,,,,,,,left_only
50009510394,8.0,6.0,0.0,,,,,,,,,left_only
50009510404,5.0,1.0,0.0,,,,,,,,,left_only
50009510424,8.0,3.0,0.0,,,,,,,,,left_only
50009510434,4.0,2.0,3.0,,,,,,,,,left_only
50009510444,10.0,0.0,0.0,,,,,,,,,left_only
50009510454,3.0,0.0,0.0,,,,,,,,,left_only
50009510474,8.0,3.0,0.0,,,,,,,,,left_only
50009510494,7.0,2.0,0.0,,,,,,,,,left_only
50009510514,7.0,5.0,0.0,,,,,,,,,left_only
50009510524,4.0,0.0,0.0,,,,,,,,,left_only
50009510534,5.0,4.0,0.0,,,,,,,,,left_only
50009510544,4.0,2.0,0.0,,,,,,,,,left_only
50009510554,7.0,3.0,0.0,,,,,,,,,left_only
50009510564,10.0,2.0,0.0,,,,,,,,,left_only
50009510574,8.0,0.0,0.0,,,,,,,,,left_only
50009510584,8.0,4.0,0.0,,,,,,,,,left_only
50009510604,9.0,1.0,0.0,,,,,,,,,left_only
50009510614,7.0,6.0,1.0,,,,,,,,,left_only
50009510624,2.0,0.0,0.0,,,,,,,,,left_only
50009510634,6.0,0.0,0.0,,,,,,,,,left_only
50009510654,7.0,0.0,0.0,,,,,,,,,left_only
50009510664,7.0,0.0,0.0,,,,,,,,,left_only
50009510674,6.0,1.0,1.0,,,,,,,,,left_only
50009520024,7.0,4.0,2.0,,,,,,,,,left_only
50009520034,9.0,2.0,1.0,,,,,,,,,left_only
50009520044,4.0,1.0,0.0,,,,,,,,,left_only
50009520054,6.0,0.0,0.0,,,,,,,,,left_only
50009520074,2.0,0.0,0.0,,,,,,,,,left_only
50009520084,4.0,0.0,0.0,,,,,,,,,left_only
50009520114,6.0,0.0,0.0,,,,,,,,,left_only
50009520134,3.0,1.0,0.0,,,,,,,,,left_only
50009520144,2.0,0.0,0.0,,,,,,,,,left_only
50009520154,6.0,1.0,0.0,,,,,,,,,left_only
50009520164,4.0,0.0,1.0,,,,,,,,,left_only
50009520174,6.0,8.0,9.0,,,,,,,,,left_only
50009520184,3.0,2.0,0.0,,,,,,,,,left_only
50009520204,1.0,0.0,1.0,,,,,,,,,left_only
50009520214,1.0,4.0,0.0,,,,,,,,,left_only
50009520224,1.0,0.0,0.0,,,,,,,,,left_only
50009520234,0.0,0.0,0.0,,,,,,,,,left_only
50009520244,0.0,0.0,0.0,,,,,,,,,left_only
50009520254,2.0,0.0,0.0,,,,,,,,,left_only
50009520264,6.0,1.0,0.0,,,,,,,,,left_only
50009520274,1.0,0.0,0.0,,,,,,,,,left_only
50009520284,0.0,0.0,0.0,,,,,,,,,left_only
50009520294,6.0,5.0,0.0,,,,,,,,,left_only
50009520314,3.0,0.0,0.0,,,,,,,,,left_only
50009520324,3.0,0.0,0.0,,,,,,,,,left_only
50009520334,4.0,1.0,0.0,,,,,,,,,left_only
50009520344,2.0,1.0,0.0,,,,,,,,,left_only
50009520354,6.0,4.0,9.0,,,,,,,,,left_only
50009520364,6.0,0.0,0.0,,,,,,,,,left_only
50009520384,6.0,1.0,1.0,,,,,,,,,left_only
50009520404,3.0,3.0,0.0,,,,,,,,,left_only
50009520414,1.0,1.0,0.0,,,,,,,,,left_only
50009520424,5.0,7.0,0.0,,,,,,,,,left_only
50009520444,2.0,5.0,0.0,,,,,,,,,left_only
50009520454,4.0,0.0,0.0,,,,,,,,,left_only
50009520464,2.0,2.0,0.0,,,,,,,,,left_only
50009520484,0.0,3.0,1.0,,,,,,,,,left_only
50009520504,7.0,1.0,0.0,,,,,,,,,left_only
50009520524,1.0,5.0,0.0,,,,,,,,,left_only
50009520534,5.0,2.0,0.0,,,,,,,,,left_only
50009520544,3.0,0.0,1.0,,,,,,,,,left_only
50009520554,3.0,4.0,0.0,,,,,,,,,left_only
50009520604,4.0,0.0,1.0,,,,,,,,,left_only
50009520614,2.0,1.0,0.0,,,,,,,,,left_only
50009520624,1.0,3.0,0.0,,,,,,,,,left_only
50009520634,1.0,0.0,0.0,,,,,,,,,left_only
50009520644,0.0,0.0,0.0,,,,,,,,,left_only
50009520654,3.0,0.0,0.0,,,,,,,,,left_only
50009520664,1.0,2.0,2.0,,,,,,,,,left_only
50009520684,5.0,2.0,0.0,,,,,,,,,left_only
50009520694,3.0,0.0,0.0,,,,,,,,,left_only
50009520704,1.0,0.0,0.0,,,,,,,,,left_only
50009520714,1.0,1.0,0.0,,,,,,,,,left_only
50009520724,3.0,2.0,0.0,,,,,,,,,left_only
50009520734,1.0,0.0,0.0,,,,,,,,,left_only
50009520754,6.0,7.0,0.0,,,,,,,,,left_only
50009520764,0.0,0.0,0.0,,,,,,,,,left_only
50009520774,0.0,0.0,0.0,,,,,,,,,left_only
50009520784,2.0,0.0,0.0,,,,,,,,,left_only
50009520804,3.0,0.0,0.0,,,,,,,,,left_only
50009520834,7.0,5.0,5.0,,,,,,,,,left_only
51000910014,4.0,0.0,7.0,,,,,,,,,left_only
51000910034,1.0,1.0,1.0,,,,,,,,,left_only
51000910044,3.0,0.0,0.0,,,,,,,,,left_only
51000910054,4.0,2.0,0.0,,,,,,,,,left_only
51000910064,2.0,0.0,1.0,,,,,,,,,left_only
51000910074,1.0,0.0,0.0,,,,,,,,,left_only
51000910084,1.0,2.0,0.0,,,,,,,,,left_only
51000910094,1.0,0.0,1.0,,,,,,,,,left_only
51000910104,0.0,0.0,0.0,,,,,,,,,left_only
51000910124,3.0,1.0,8.0,,,,,,,,,left_only
51000910174,1.0,1.0,1.0,,,,,,,,,left_only
51000910194,1.0,0.0,0.0,,,,,,,,,left_only
51000910204,0.0,0.0,0.0,,,,,,,,,left_only
51000910254,1.0,0.0,0.0,,,,,,,,,left_only
51000910264,1.0,0.0,0.0,,,,,,,,,left_only
51000910274,2.0,0.0,0.0,,,,,,,,,left_only
51000910284,0.0,0.0,0.0,,,,,,,,,left_only
51000910324,2.0,2.0,0.0,,,,,,,,,left_only
51000910334,1.0,1.0,0.0,,,,,,,,,left_only
51000910344,2.0,1.0,0.0,,,,,,,,,left_only
51000910354,0.0,0.0,0.0,,,,,,,,,left_only
51000910364,2.0,0.0,0.0,,,,,,,,,left_only
51000910384,0.0,0.0,0.0,,,,,,,,,left_only
51000910394,2.0,3.0,0.0,,,,,,,,,left_only
51000910424,0.0,0.0,0.0,,,,,,,,,left_only
51000910464,1.0,0.0,0.0,,,,,,,,,left_only
51000910494,5.0,0.0,1.0,,,,,,,,,left_only
51000910504,2.0,4.0,1.0,,,,,,,,,left_only
51000910514,1.0,0.0,0.0,,,,,,,,,left_only
51000910534,0.0,0.0,0.0,,,,,,,,,left_only
51000910554,0.0,0.0,0.0,,,,,,,,,left_only
51000910564,0.0,0.0,0.0,,,,,,,,,left_only
51000910574,0.0,0.0,0.0,,,,,,,,,left_only
51000910584,3.0,3.0,0.0,,,,,,,,,left_only
51000910594,4.0,1.0,2.0,,,,,,,,,left_only
51000910624,4.0,2.0,5.0,,,,,,,,,left_only
51000910644,4.0,3.0,1.0,,,,,,,,,left_only
51000910654,2.0,2.0,3.0,,,,,,,,,left_only
51000910664,2.0,0.0,0.0,,,,,,,,,left_only
51000910674,4.0,1.0,3.0,,,,,,,,,left_only
51000910684,0.0,0.0,0.0,,,,,,,,,left_only
51000910694,1.0,1.0,0.0,,,,,,,,,left_only
51000920024,0.0,0.0,1.0,,,,,,,,,left_only
51000920034,5.0,3.0,1.0,,,,,,,,,left_only
51000920054,2.0,3.0,0.0,,,,,,,,,left_only
51000920064,0.0,0.0,0.0,,,,,,,,,left_only
51000920084,2.0,2.0,0.0,,,,,,,,,left_only
51000920104,2.0,1.0,0.0,,,,,,,,,left_only
51000920114,4.0,0.0,2.0,,,,,,,,,left_only
51000920134,0.0,0.0,0.0,,,,,,,,,left_only
51000920174,0.0,0.0,0.0,,,,,,,,,left_only
51000920194,0.0,1.0,0.0,,,,,,,,,left_only
51000920214,0.0,0.0,0.0,,,,,,,,,left_only
51000920224,2.0,0.0,0.0,,,,,,,,,left_only
51000920234,0.0,0.0,0.0,,,,,,,,,left_only
51000920264,1.0,4.0,0.0,,,,,,,,,left_only
51000920274,1.0,0.0,6.0,,,,,,,,,left_only
51000920324,3.0,0.0,0.0,,,,,,,,,left_only
51000920334,1.0,2.0,0.0,,,,,,,,,left_only
51000920344,2.0,0.0,0.0,,,,,,,,,left_only
51000920354,1.0,2.0,0.0,,,,,,,,,left_only
51000920374,1.0,3.0,0.0,,,,,,,,,left_only
51000920384,0.0,0.0,0.0,,,,,,,,,left_only
51000920394,0.0,0.0,0.0,,,,,,,,,left_only
51000920404,0.0,0.0,0.0,,,,,,,,,left_only
51000920414,3.0,3.0,0.0,,,,,,,,,left_only
51000920424,0.0,0.0,0.0,,,,,,,,,left_only
51000920434,0.0,0.0,0.0,,,,,,,,,left_only
51000920444,1.0,0.0,0.0,,,,,,,,,left_only
51000920454,0.0,0.0,0.0,,,,,,,,,left_only
51000920534,1.0,1.0,0.0,,,,,,,,,left_only
51000920564,1.0,0.0,0.0,,,,,,,,,left_only
51000920574,1.0,0.0,0.0,,,,,,,,,left_only
51000920604,0.0,0.0,0.0,,,,,,,,,left_only
51000920614,1.0,1.0,0.0,,,,,,,,,left_only
51000920624,0.0,0.0,0.0,,,,,,,,,left_only
51000920634,0.0,0.0,0.0,,,,,,,,,left_only
51000920644,1.0,0.0,0.0,,,,,,,,,left_only
51000920654,0.0,0.0,0.0,,,,,,,,,left_only
51000920674,1.0,2.0,0.0,,,,,,,,,left_only
51000920684,0.0,0.0,0.0,,,,,,,,,left_only
51000920694,0.0,0.0,0.0,,,,,,,,,left_only
51000920714,2.0,0.0,1.0,,,,,,,,,left_only
51000920724,1.0,0.0,0.0,,,,,,,,,left_only
51003410024,3.0,1.0,0.0,,,,,,,,,left_only
51003410034,1.0,0.0,0.0,,,,,,,,,left_only
51003410044,4.0,3.0,0.0,,,,,,,,,left_only
51003410054,4.0,1.0,0.0,,,,,,,,,left_only
51003410064,1.0,3.0,0.0,,,,,,,,,left_only
51003410084,0.0,0.0,0.0,,,,,,,,,left_only
51003410094,1.0,1.0,0.0,,,,,,,,,left_only
51003410104,0.0,0.0,0.0,,,,,,,,,left_only
51003410124,0.0,0.0,0.0,,,,,,,,,left_only
51003410134,1.0,0.0,0.0,,,,,,,,,left_only
51003410144,0.0,0.0,0.0,,,,,,,,,left_only
51003410154,0.0,0.0,0.0,,,,,,,,,left_only
51003410164,0.0,0.0,0.0,,,,,,,,,left_only
51003410174,1.0,0.0,0.0,,,,,,,,,left_only
51003410194,0.0,0.0,0.0,,,,,,,,,left_only
51003410204,0.0,0.0,0.0,,,,,,,,,left_only
51003410214,0.0,0.0,0.0,,,,,,,,,left_only
51003410224,1.0,1.0,0.0,,,,,,,,,left_only
51003410234,2.0,0.0,0.0,,,,,,,,,left_only
51003410244,3.0,3.0,0.0,,,,,,,,,left_only
51003410254,2.0,0.0,0.0,,,,,,,,,left_only
51003410264,1.0,0.0,0.0,,,,,,,,,left_only
51003410274,3.0,3.0,0.0,,,,,,,,,left_only
51003410284,3.0,0.0,0.0,,,,,,,,,left_only
51003410304,3.0,0.0,0.0,,,,,,,,,left_only
51003410314,1.0,2.0,0.0,,,,,,,,,left_only
51003410324,2.0,0.0,0.0,,,,,,,,,left_only
51003410334,1.0,0.0,0.0,,,,,,,,,left_only
51003410344,1.0,0.0,0.0,,,,,,,,,left_only
51003410354,2.0,3.0,0.0,,,,,,,,,left_only
51003410374,2.0,0.0,0.0,,,,,,,,,left_only
51003410384,0.0,1.0,0.0,,,,,,,,,left_only
51003410394,0.0,0.0,0.0,,,,,,,,,left_only
51003410424,1.0,0.0,0.0,,,,,,,,,left_only
51003410434,0.0,0.0,0.0,,,,,,,,,left_only
51003410464,0.0,0.0,0.0,,,,,,,,,left_only
51003410484,5.0,4.0,0.0,,,,,,,,,left_only
51003410504,6.0,4.0,0.0,,,,,,,,,left_only
51003410524,3.0,0.0,0.0,,,,,,,,,left_only
51003410544,0.0,0.0,0.0,,,,,,,,,left_only
51003410554,0.0,0.0,0.0,,,,,,,,,left_only
51003410564,1.0,0.0,0.0,,,,,,,,,left_only
51003410574,1.0,1.0,0.0,,,,,,,,,left_only
51003410584,1.0,3.0,0.0,,,,,,,,,left_only
51003410614,0.0,2.0,0.0,,,,,,,,,left_only
51003410624,0.0,0.0,0.0,,,,,,,,,left_only
51003410654,0.0,0.0,0.0,,,,,,,,,left_only
51003410674,1.0,0.0,0.0,,,,,,,,,left_only
51003410684,1.0,5.0,0.0,,,,,,,,,left_only
51003410704,1.0,0.0,0.0,,,,,,,,,left_only
51003410714,1.0,0.0,0.0,,,,,,,,,left_only
51003410724,2.0,0.0,0.0,,,,,,,,,left_only
51003410744,4.0,4.0,0.0,,,,,,,,,left_only
51003410754,0.0,0.0,0.0,,,,,,,,,left_only
51003410764,2.0,1.0,0.0,,,,,,,,,left_only
51003410774,2.0,0.0,0.0,,,,,,,,,left_only
51003410784,3.0,0.0,0.0,,,,,,,,,left_only
51003410794,0.0,0.0,0.0,,,,,,,,,left_only
51003420024,3.0,4.0,2.0,,,,,,,,,left_only
51003420034,2.0,0.0,1.0,,,,,,,,,left_only
51003420074,3.0,3.0,0.0,,,,,,,,,left_only
51003420084,2.0,2.0,0.0,,,,,,,,,left_only
51003420094,0.0,0.0,0.0,,,,,,,,,left_only
51003420124,1.0,1.0,0.0,,,,,,,,,left_only
51003420164,4.0,0.0,0.0,,,,,,,,,left_only
51003420174,4.0,0.0,0.0,,,,,,,,,left_only
51003420184,3.0,0.0,0.0,,,,,,,,,left_only
51003420204,2.0,0.0,0.0,,,,,,,,,left_only
51003420224,5.0,0.0,1.0,,,,,,,,,left_only
51003420234,4.0,0.0,0.0,,,,,,,,,left_only
51003420244,2.0,0.0,0.0,,,,,,,,,left_only
51003420254,2.0,0.0,0.0,,,,,,,,,left_only
51003420284,3.0,0.0,0.0,,,,,,,,,left_only
51003420304,4.0,2.0,0.0,,,,,,,,,left_only
51003420314,0.0,0.0,0.0,,,,,,,,,left_only
51003420344,1.0,0.0,0.0,,,,,,,,,left_only
51003420364,1.0,0.0,0.0,,,,,,,,,left_only
51003420424,2.0,4.0,0.0,,,,,,,,,left_only
51003420434,2.0,0.0,0.0,,,,,,,,,left_only
51003420454,1.0,0.0,0.0,,,,,,,,,left_only
51003420484,3.0,4.0,0.0,,,,,,,,,left_only
51003510014,4.0,1.0,6.0,,,,,,,,,left_only
51003510024,14.0,6.0,0.0,,,,,,,,,left_only
51003510044,9.0,3.0,2.0,,,,,,,,,left_only
51003510054,6.0,0.0,3.0,,,,,,,,,left_only
51003510074,7.0,4.0,0.0,,,,,,,,,left_only
51003510094,9.0,5.0,0.0,,,,,,,,,left_only
51003510104,8.0,0.0,2.0,,,,,,,,,left_only
51003510124,7.0,5.0,0.0,,,,,,,,,left_only
51003510134,6.0,4.0,0.0,,,,,,,,,left_only
51003510154,8.0,0.0,0.0,,,,,,,,,left_only
51003510164,9.0,3.0,0.0,,,,,,,,,left_only
51003510194,9.0,3.0,1.0,,,,,,,,,left_only
51003510204,7.0,1.0,0.0,,,,,,,,,left_only
51003510214,5.0,2.0,0.0,,,,,,,,,left_only
51003510224,3.0,3.0,0.0,,,,,,,,,left_only
51003510234,3.0,0.0,0.0,,,,,,,,,left_only
51003510244,6.0,0.0,0.0,,,,,,,,,left_only
51003510254,9.0,3.0,0.0,,,,,,,,,left_only
51003510264,11.0,14.0,0.0,,,,,,,,,left_only
51003510324,8.0,3.0,0.0,,,,,,,,,left_only
51003510344,8.0,7.0,0.0,,,,,,,,,left_only
51003510354,5.0,1.0,0.0,,,,,,,,,left_only
51003510364,5.0,1.0,0.0,,,,,,,,,left_only
51003510384,6.0,6.0,0.0,,,,,,,,,left_only
51003510394,8.0,4.0,0.0,,,,,,,,,left_only
51003510404,8.0,2.0,0.0,,,,,,,,,left_only
51003510424,4.0,2.0,2.0,,,,,,,,,left_only
51003510434,2.0,0.0,0.0,,,,,,,,,left_only
51003510444,11.0,10.0,0.0,,,,,,,,,left_only
51003510454,3.0,2.0,0.0,,,,,,,,,left_only
51003510464,9.0,0.0,0.0,,,,,,,,,left_only
51003510494,6.0,1.0,0.0,,,,,,,,,left_only
51003510514,4.0,0.0,1.0,,,,,,,,,left_only
51003510544,8.0,2.0,2.0,,,,,,,,,left_only
51003510584,6.0,3.0,0.0,,,,,,,,,left_only
51003520014,8.0,2.0,0.0,,,,,,,,,left_only
51003520024,5.0,2.0,0.0,,,,,,,,,left_only
51003520034,2.0,0.0,2.0,,,,,,,,,left_only
51003520044,6.0,6.0,0.0,,,,,,,,,left_only
51003520054,8.0,9.0,1.0,,,,,,,,,left_only
51003520064,6.0,3.0,0.0,,,,,,,,,left_only
51003520074,3.0,0.0,2.0,,,,,,,,,left_only
51003520084,8.0,3.0,0.0,,,,,,,,,left_only
51003520094,5.0,3.0,0.0,,,,,,,,,left_only
51003520114,8.0,8.0,0.0,,,,,,,,,left_only
51003520124,1.0,1.0,0.0,,,,,,,,,left_only
51003520134,4.0,1.0,1.0,,,,,,,,,left_only
51003520144,8.0,6.0,0.0,,,,,,,,,left_only
51003520154,4.0,0.0,0.0,,,,,,,,,left_only
51003520164,4.0,4.0,0.0,,,,,,,,,left_only
51003520174,7.0,7.0,0.0,,,,,,,,,left_only
51003520184,5.0,3.0,0.0,,,,,,,,,left_only
51003520204,1.0,12.0,1.0,,,,,,,,,left_only
51003520214,7.0,8.0,0.0,,,,,,,,,left_only
51003520224,8.0,1.0,4.0,,,,,,,,,left_only
51003520264,3.0,2.0,0.0,,,,,,,,,left_only
51003520274,7.0,4.0,0.0,,,,,,,,,left_only
51003520284,4.0,4.0,0.0,,,,,,,,,left_only
51003520304,1.0,1.0,0.0,,,,,,,,,left_only
51003520314,2.0,3.0,0.0,,,,,,,,,left_only
51003520324,1.0,0.0,0.0,,,,,,,,,left_only
51003520334,3.0,0.0,1.0,,,,,,,,,left_only
51003520344,3.0,0.0,0.0,,,,,,,,,left_only
51003520354,9.0,9.0,0.0,,,,,,,,,left_only
51003520374,5.0,1.0,0.0,,,,,,,,,left_only
51003520384,4.0,1.0,0.0,,,,,,,,,left_only
51003520394,2.0,3.0,0.0,,,,,,,,,left_only
51003520414,13.0,9.0,0.0,,,,,,,,,left_only
51003520424,6.0,6.0,0.0,,,,,,,,,left_only
51003520434,5.0,1.0,2.0,,,,,,,,,left_only
51003520444,12.0,3.0,3.0,,,,,,,,,left_only
51003520454,8.0,7.0,0.0,,,,,,,,,left_only
51003520464,5.0,1.0,2.0,,,,,,,,,left_only
51003520494,4.0,3.0,0.0,,,,,,,,,left_only
51003520504,4.0,1.0,0.0,,,,,,,,,left_only
51003520514,9.0,3.0,1.0,,,,,,,,,left_only
51003520524,4.0,4.0,0.0,,,,,,,,,left_only
51003520544,4.0,3.0,0.0,,,,,,,,,left_only
51003520554,4.0,0.0,0.0,,,,,,,,,left_only
51003520564,4.0,3.0,0.0,,,,,,,,,left_only
51003520574,4.0,3.0,0.0,,,,,,,,,left_only
51003520604,4.0,0.0,0.0,,,,,,,,,left_only
51003520614,4.0,1.0,0.0,,,,,,,,,left_only
51003520634,8.0,1.0,0.0,,,,,,,,,left_only
51003610094,0.0,1.0,0.0,,,,,,,,,left_only
51003610564,0.0,0.0,1.0,,,,,,,,,left_only
51003620284,0.0,3.0,2.0,,,,,,,,,left_only
51003620294,1.0,3.0,0.0,,,,,,,,,left_only
51003620304,0.0,0.0,0.0,,,,,,,,,left_only
51003620524,0.0,1.0,0.0,,,,,,,,,left_only
51003710224,0.0,0.0,1.0,,,,,,,,,left_only
51003710234,1.0,0.0,0.0,,,,,,,,,left_only
51003710244,0.0,0.0,0.0,,,,,,,,,left_only
51003710264,1.0,0.0,0.0,,,,,,,,,left_only
51003710274,0.0,0.0,0.0,,,,,,,,,left_only
51003710424,1.0,0.0,0.0,,,,,,,,,left_only
51003710554,3.0,1.0,0.0,,,,,,,,,left_only
51003710564,3.0,0.0,3.0,,,,,,,,,left_only
51003710674,0.0,0.0,0.0,,,,,,,,,left_only
51003710794,0.0,1.0,0.0,,,,,,,,,left_only
51003720014,0.0,0.0,0.0,,,,,,,,,left_only
51003720024,1.0,0.0,0.0,,,,,,,,,left_only
51003720034,0.0,5.0,0.0,,,,,,,,,left_only
51003720054,1.0,4.0,0.0,,,,,,,,,left_only
51003720064,0.0,0.0,0.0,,,,,,,,,left_only
51003720074,0.0,0.0,0.0,,,,,,,,,left_only
51003720094,0.0,0.0,0.0,,,,,,,,,left_only
51003720114,1.0,0.0,0.0,,,,,,,,,left_only
51003720154,0.0,0.0,0.0,,,,,,,,,left_only
51003720164,0.0,0.0,0.0,,,,,,,,,left_only
51003720174,0.0,0.0,0.0,,,,,,,,,left_only
51003720184,0.0,0.0,0.0,,,,,,,,,left_only
51003720194,1.0,0.0,0.0,,,,,,,,,left_only
51003720204,0.0,0.0,0.0,,,,,,,,,left_only
51003720214,0.0,0.0,0.0,,,,,,,,,left_only
51003720224,0.0,0.0,0.0,,,,,,,,,left_only
51003720234,0.0,0.0,0.0,,,,,,,,,left_only
51003720264,0.0,0.0,0.0,,,,,,,,,left_only
51003720274,1.0,0.0,0.0,,,,,,,,,left_only
51003720284,1.0,0.0,0.0,,,,,,,,,left_only
51003720694,2.0,0.0,1.0,,,,,,,,,left_only
51003810024,3.0,5.0,5.0,,,,,,,,,left_only
51003810034,1.0,0.0,0.0,,,,,,,,,left_only
51003810044,2.0,3.0,0.0,,,,,,,,,left_only
51003810054,0.0,0.0,0.0,,,,,,,,,left_only
51003810064,2.0,2.0,0.0,,,,,,,,,left_only
51003810074,3.0,3.0,0.0,,,,,,,,,left_only
51003810084,2.0,1.0,0.0,,,,,,,,,left_only
51003810094,2.0,1.0,0.0,,,,,,,,,left_only
51003810104,1.0,1.0,0.0,,,,,,,,,left_only
51003810114,3.0,2.0,0.0,,,,,,,,,left_only
51003810124,2.0,2.0,0.0,,,,,,,,,left_only
51003810154,1.0,0.0,0.0,,,,,,,,,left_only
51003810164,1.0,2.0,0.0,,,,,,,,,left_only
51003810174,1.0,0.0,0.0,,,,,,,,,left_only
51003810184,1.0,0.0,0.0,,,,,,,,,left_only
51003810194,0.0,0.0,0.0,,,,,,,,,left_only
51003810204,2.0,4.0,0.0,,,,,,,,,left_only
51003810214,1.0,0.0,0.0,,,,,,,,,left_only
51003810224,2.0,1.0,0.0,,,,,,,,,left_only
51003810234,1.0,0.0,0.0,,,,,,,,,left_only
51003810244,1.0,0.0,0.0,,,,,,,,,left_only
51003810264,3.0,3.0,0.0,,,,,,,,,left_only
51003810274,2.0,1.0,0.0,,,,,,,,,left_only
51003810284,4.0,3.0,0.0,,,,,,,,,left_only
51003810294,2.0,2.0,0.0,,,,,,,,,left_only
51003810314,3.0,2.0,0.0,,,,,,,,,left_only
51003810324,3.0,1.0,0.0,,,,,,,,,left_only
51003810344,2.0,4.0,0.0,,,,,,,,,left_only
51003810354,0.0,0.0,0.0,,,,,,,,,left_only
51003810374,0.0,0.0,0.0,,,,,,,,,left_only
51003810384,2.0,0.0,0.0,,,,,,,,,left_only
51003810394,3.0,5.0,0.0,,,,,,,,,left_only
51003810404,0.0,0.0,0.0,,,,,,,,,left_only
51003810414,1.0,0.0,0.0,,,,,,,,,left_only
51003810424,1.0,1.0,0.0,,,,,,,,,left_only
51003810434,0.0,0.0,0.0,,,,,,,,,left_only
51003810444,1.0,2.0,0.0,,,,,,,,,left_only
51003810454,1.0,1.0,0.0,,,,,,,,,left_only
51003810464,5.0,5.0,0.0,,,,,,,,,left_only
51003810474,2.0,2.0,0.0,,,,,,,,,left_only
51003810484,2.0,3.0,0.0,,,,,,,,,left_only
51003810494,3.0,1.0,0.0,,,,,,,,,left_only
51003810504,2.0,5.0,0.0,,,,,,,,,left_only
51003810514,1.0,0.0,0.0,,,,,,,,,left_only
51003810524,0.0,1.0,0.0,,,,,,,,,left_only
51003810534,2.0,5.0,0.0,,,,,,,,,left_only
51003810544,1.0,0.0,0.0,,,,,,,,,left_only
51003810554,1.0,7.0,0.0,,,,,,,,,left_only
51003810564,0.0,0.0,0.0,,,,,,,,,left_only
51003810584,0.0,0.0,0.0,,,,,,,,,left_only
51003810594,4.0,1.0,0.0,,,,,,,,,left_only
51003810604,1.0,0.0,0.0,,,,,,,,,left_only
51003810614,2.0,7.0,0.0,,,,,,,,,left_only
51003810634,2.0,1.0,0.0,,,,,,,,,left_only
51003810654,0.0,0.0,0.0,,,,,,,,,left_only
51003810664,1.0,1.0,0.0,,,,,,,,,left_only
51003810674,1.0,0.0,0.0,,,,,,,,,left_only
51003810694,2.0,0.0,0.0,,,,,,,,,left_only
51003820014,2.0,3.0,0.0,,,,,,,,,left_only
51003820034,2.0,3.0,0.0,,,,,,,,,left_only
51003820074,0.0,0.0,0.0,,,,,,,,,left_only
51003820084,2.0,1.0,0.0,,,,,,,,,left_only
51003820104,2.0,1.0,0.0,,,,,,,,,left_only
51003820114,2.0,2.0,0.0,,,,,,,,,left_only
51003820124,2.0,0.0,0.0,,,,,,,,,left_only
51003820134,2.0,2.0,0.0,,,,,,,,,left_only
51003820144,1.0,0.0,0.0,,,,,,,,,left_only
51003820154,0.0,0.0,0.0,,,,,,,,,left_only
51003820164,0.0,0.0,0.0,,,,,,,,,left_only
51003820184,1.0,0.0,0.0,,,,,,,,,left_only
51003820194,1.0,0.0,1.0,,,,,,,,,left_only
51003820204,0.0,3.0,5.0,,,,,,,,,left_only
51003820214,1.0,0.0,0.0,,,,,,,,,left_only
51003820224,2.0,0.0,0.0,,,,,,,,,left_only
51003820234,0.0,0.0,0.0,,,,,,,,,left_only
51003820254,1.0,0.0,0.0,,,,,,,,,left_only
51003820264,2.0,5.0,0.0,,,,,,,,,left_only
51003820274,3.0,1.0,0.0,,,,,,,,,left_only
51003820284,3.0,0.0,0.0,,,,,,,,,left_only
51003820294,3.0,1.0,0.0,,,,,,,,,left_only
51003820304,2.0,0.0,0.0,,,,,,,,,left_only
51003820314,0.0,0.0,0.0,,,,,,,,,left_only
51003820324,1.0,1.0,0.0,,,,,,,,,left_only
51003820334,2.0,0.0,0.0,,,,,,,,,left_only
51003820344,2.0,2.0,0.0,,,,,,,,,left_only
51003820354,1.0,0.0,0.0,,,,,,,,,left_only
51003820364,0.0,0.0,0.0,,,,,,,,,left_only
51003820374,1.0,1.0,0.0,,,,,,,,,left_only
51003820384,2.0,0.0,0.0,,,,,,,,,left_only
51003820394,0.0,1.0,0.0,,,,,,,,,left_only
51003820404,0.0,2.0,0.0,,,,,,,,,left_only
51003820424,0.0,0.0,0.0,,,,,,,,,left_only
51003820454,1.0,1.0,0.0,,,,,,,,,left_only
51003820464,2.0,0.0,0.0,,,,,,,,,left_only
51003820484,1.0,0.0,0.0,,,,,,,,,left_only
51003820504,0.0,0.0,0.0,,,,,,,,,left_only
51003820514,1.0,2.0,0.0,,,,,,,,,left_only
51003820524,1.0,1.0,0.0,,,,,,,,,left_only
51003820534,2.0,0.0,0.0,,,,,,,,,left_only
51003820544,1.0,0.0,0.0,,,,,,,,,left_only
51003820554,1.0,0.0,0.0,,,,,,,,,left_only
51003820564,2.0,3.0,0.0,,,,,,,,,left_only
51003820574,4.0,3.0,0.0,,,,,,,,,left_only
51003820584,1.0,0.0,0.0,,,,,,,,,left_only
51003820594,2.0,1.0,0.0,,,,,,,,,left_only
51003820604,2.0,0.0,0.0,,,,,,,,,left_only
51003820614,1.0,0.0,0.0,,,,,,,,,left_only
51003820624,1.0,0.0,0.0,,,,,,,,,left_only
51003820634,1.0,1.0,0.0,,,,,,,,,left_only
51003820644,1.0,1.0,0.0,,,,,,,,,left_only
51003820654,0.0,2.0,0.0,,,,,,,,,left_only
51003820664,3.0,1.0,0.0,,,,,,,,,left_only
51003820674,2.0,2.0,0.0,,,,,,,,,left_only
51003820684,3.0,1.0,0.0,,,,,,,,,left_only
51003820694,1.0,1.0,0.0,,,,,,,,,left_only
51003820704,4.0,3.0,0.0,,,,,,,,,left_only
51003820714,7.0,6.0,0.0,,,,,,,,,left_only
51003820724,3.0,3.0,0.0,,,,,,,,,left_only
51003820734,2.0,1.0,0.0,,,,,,,,,left_only
51003820754,2.0,3.0,0.0,,,,,,,,,left_only
51003820764,2.0,1.0,0.0,,,,,,,,,left_only
51003820774,1.0,0.0,0.0,,,,,,,,,left_only
51003820784,2.0,0.0,0.0,,,,,,,,,left_only
51003820794,2.0,1.0,0.0,,,,,,,,,left_only
51004010014,0.0,0.0,0.0,,,,,,,,,left_only
51004010034,3.0,2.0,0.0,,,,,,,,,left_only
51004010054,1.0,4.0,2.0,,,,,,,,,left_only
51004010064,0.0,2.0,0.0,,,,,,,,,left_only
51004010074,0.0,0.0,0.0,,,,,,,,,left_only
51004010084,0.0,0.0,0.0,,,,,,,,,left_only
51004010104,0.0,0.0,0.0,,,,,,,,,left_only
51004010114,2.0,0.0,0.0,,,,,,,,,left_only
51004010124,0.0,0.0,0.0,,,,,,,,,left_only
51004010144,0.0,0.0,0.0,,,,,,,,,left_only
51004010154,1.0,1.0,0.0,,,,,,,,,left_only
51004010164,0.0,0.0,0.0,,,,,,,,,left_only
51004010184,3.0,3.0,0.0,,,,,,,,,left_only
51004010214,0.0,0.0,0.0,,,,,,,,,left_only
51004010224,0.0,0.0,0.0,,,,,,,,,left_only
51004010234,0.0,0.0,0.0,,,,,,,,,left_only
51004010254,0.0,0.0,0.0,,,,,,,,,left_only
51004010264,1.0,0.0,0.0,,,,,,,,,left_only
51004010284,0.0,0.0,0.0,,,,,,,,,left_only
51004010294,1.0,1.0,0.0,,,,,,,,,left_only
51004010304,1.0,1.0,0.0,,,,,,,,,left_only
51004010314,0.0,0.0,0.0,,,,,,,,,left_only
51004010324,1.0,0.0,0.0,,,,,,,,,left_only
51004010334,3.0,3.0,0.0,,,,,,,,,left_only
51004010344,0.0,1.0,0.0,,,,,,,,,left_only
51004010354,0.0,0.0,0.0,,,,,,,,,left_only
51004010364,2.0,4.0,0.0,,,,,,,,,left_only
51004010384,3.0,3.0,0.0,,,,,,,,,left_only
51004010394,1.0,1.0,0.0,,,,,,,,,left_only
51004010404,1.0,0.0,0.0,,,,,,,,,left_only
51004010424,2.0,0.0,0.0,,,,,,,,,left_only
51004010434,1.0,0.0,0.0,,,,,,,,,left_only
51004010444,1.0,2.0,0.0,,,,,,,,,left_only
51004010454,1.0,1.0,0.0,,,,,,,,,left_only
51004010464,2.0,5.0,0.0,,,,,,,,,left_only
51004010474,0.0,0.0,0.0,,,,,,,,,left_only
51004010484,2.0,2.0,0.0,,,,,,,,,left_only
51004010494,1.0,1.0,0.0,,,,,,,,,left_only
51004010504,0.0,1.0,0.0,,,,,,,,,left_only
51004010514,1.0,0.0,0.0,,,,,,,,,left_only
51004010534,0.0,0.0,0.0,,,,,,,,,left_only
51004010544,1.0,1.0,0.0,,,,,,,,,left_only
51004010554,1.0,0.0,0.0,,,,,,,,,left_only
51004010564,2.0,2.0,0.0,,,,,,,,,left_only
51004010574,2.0,0.0,0.0,,,,,,,,,left_only
51004010594,1.0,1.0,0.0,,,,,,,,,left_only
51004010604,1.0,1.0,0.0,,,,,,,,,left_only
51004010614,0.0,2.0,0.0,,,,,,,,,left_only
51004010624,0.0,0.0,0.0,,,,,,,,,left_only
51004010634,2.0,4.0,0.0,,,,,,,,,left_only
51004010644,0.0,0.0,0.0,,,,,,,,,left_only
51004010654,0.0,0.0,0.0,,,,,,,,,left_only
51004010664,0.0,1.0,0.0,,,,,,,,,left_only
51004010674,2.0,0.0,0.0,,,,,,,,,left_only
51004010694,3.0,3.0,0.0,,,,,,,,,left_only
51004010704,2.0,0.0,0.0,,,,,,,,,left_only
51004010714,4.0,0.0,0.0,,,,,,,,,left_only
51004010724,0.0,0.0,0.0,,,,,,,,,left_only
51004010734,2.0,1.0,0.0,,,,,,,,,left_only
51004010744,1.0,0.0,0.0,,,,,,,,,left_only
51004010754,1.0,0.0,0.0,,,,,,,,,left_only
51004010764,0.0,0.0,0.0,,,,,,,,,left_only
51004010774,0.0,1.0,0.0,,,,,,,,,left_only
51004010784,2.0,3.0,0.0,,,,,,,,,left_only
51004020014,2.0,4.0,0.0,,,,,,,,,left_only
51004020024,0.0,0.0,0.0,,,,,,,,,left_only
51004020044,1.0,0.0,0.0,,,,,,,,,left_only
51004020054,2.0,0.0,0.0,,,,,,,,,left_only
51004020074,0.0,1.0,0.0,,,,,,,,,left_only
51004020084,0.0,0.0,0.0,,,,,,,,,left_only
51004020094,4.0,10.0,0.0,,,,,,,,,left_only
51004020114,0.0,0.0,0.0,,,,,,,,,left_only
51004020124,2.0,1.0,0.0,,,,,,,,,left_only
51004020154,3.0,0.0,0.0,,,,,,,,,left_only
51004020164,1.0,2.0,0.0,,,,,,,,,left_only
51004020174,0.0,0.0,0.0,,,,,,,,,left_only
51004020194,1.0,1.0,0.0,,,,,,,,,left_only
51004020204,2.0,3.0,0.0,,,,,,,,,left_only
51004020234,3.0,1.0,0.0,,,,,,,,,left_only
51004020244,3.0,5.0,0.0,,,,,,,,,left_only
51004020284,1.0,1.0,0.0,,,,,,,,,left_only
51004020294,3.0,0.0,0.0,,,,,,,,,left_only
51004020314,1.0,0.0,0.0,,,,,,,,,left_only
51004020324,4.0,5.0,0.0,,,,,,,,,left_only
51004020334,3.0,7.0,0.0,,,,,,,,,left_only
51004020344,1.0,0.0,0.0,,,,,,,,,left_only
51004020354,0.0,0.0,0.0,,,,,,,,,left_only
51004020364,0.0,0.0,0.0,,,,,,,,,left_only
51004020374,1.0,0.0,0.0,,,,,,,,,left_only
51004020384,1.0,2.0,0.0,,,,,,,,,left_only
51004020394,0.0,0.0,0.0,,,,,,,,,left_only
51004020404,0.0,0.0,0.0,,,,,,,,,left_only
51004020464,1.0,0.0,0.0,,,,,,,,,left_only
51004020474,2.0,3.0,0.0,,,,,,,,,left_only
51004020484,2.0,0.0,0.0,,,,,,,,,left_only
51004020494,3.0,2.0,0.0,,,,,,,,,left_only
51004020504,1.0,3.0,0.0,,,,,,,,,left_only
51004020514,1.0,1.0,0.0,,,,,,,,,left_only
51004020524,2.0,4.0,0.0,,,,,,,,,left_only
51004020534,1.0,0.0,0.0,,,,,,,,,left_only
51004020544,2.0,5.0,0.0,,,,,,,,,left_only
51004020554,0.0,0.0,0.0,,,,,,,,,left_only
51004020574,3.0,8.0,0.0,,,,,,,,,left_only
51004020584,1.0,0.0,0.0,,,,,,,,,left_only
51004020594,3.0,5.0,0.0,,,,,,,,,left_only
51004020624,1.0,0.0,0.0,,,,,,,,,left_only
51004020634,0.0,0.0,0.0,,,,,,,,,left_only
51004020654,0.0,0.0,1.0,,,,,,,,,left_only
51004020664,1.0,0.0,0.0,,,,,,,,,left_only
51004020674,1.0,0.0,0.0,,,,,,,,,left_only
51004020684,0.0,2.0,0.0,,,,,,,,,left_only
51004020694,1.0,1.0,0.0,,,,,,,,,left_only
51004210014,0.0,0.0,1.0,,,,,,,,,left_only
51004210024,0.0,0.0,0.0,,,,,,,,,left_only
51004210034,0.0,0.0,1.0,,,,,,,,,left_only
51004210054,1.0,0.0,0.0,,,,,,,,,left_only
51004210074,0.0,0.0,0.0,,,,,,,,,left_only
51004210094,2.0,1.0,0.0,,,,,,,,,left_only
51004210114,0.0,0.0,0.0,,,,,,,,,left_only
51004210124,0.0,0.0,0.0,,,,,,,,,left_only
51004210134,0.0,0.0,0.0,,,,,,,,,left_only
51004210154,0.0,0.0,2.0,,,,,,,,,left_only
51004210164,0.0,0.0,0.0,,,,,,,,,left_only
51004210174,0.0,0.0,0.0,,,,,,,,,left_only
51004210184,0.0,0.0,0.0,,,,,,,,,left_only
51004210194,1.0,0.0,0.0,,,,,,,,,left_only
51004210204,0.0,0.0,0.0,,,,,,,,,left_only
51004210214,0.0,0.0,0.0,,,,,,,,,left_only
51004210244,0.0,0.0,0.0,,,,,,,,,left_only
51004210254,1.0,0.0,0.0,,,,,,,,,left_only
51004210264,1.0,1.0,0.0,,,,,,,,,left_only
51004210274,0.0,0.0,0.0,,,,,,,,,left_only
51004210294,0.0,0.0,0.0,,,,,,,,,left_only
51004210324,1.0,0.0,0.0,,,,,,,,,left_only
51004210334,0.0,0.0,0.0,,,,,,,,,left_only
51004210344,0.0,0.0,0.0,,,,,,,,,left_only
51004210384,1.0,0.0,0.0,,,,,,,,,left_only
51004210394,0.0,0.0,0.0,,,,,,,,,left_only
51004210404,0.0,0.0,0.0,,,,,,,,,left_only
51004210414,1.0,0.0,0.0,,,,,,,,,left_only
51004210434,0.0,1.0,0.0,,,,,,,,,left_only
51004210454,0.0,0.0,0.0,,,,,,,,,left_only
51004210474,0.0,0.0,0.0,,,,,,,,,left_only
51004210484,1.0,0.0,0.0,,,,,,,,,left_only
51004210494,0.0,0.0,0.0,,,,,,,,,left_only
51004210504,0.0,1.0,0.0,,,,,,,,,left_only
51004210514,1.0,0.0,0.0,,,,,,,,,left_only
51004210524,2.0,2.0,2.0,,,,,,,,,left_only
51004210534,0.0,0.0,0.0,,,,,,,,,left_only
51004210544,3.0,1.0,3.0,,,,,,,,,left_only
51004210564,0.0,0.0,0.0,,,,,,,,,left_only
51004210574,0.0,0.0,0.0,,,,,,,,,left_only
51004210584,0.0,0.0,0.0,,,,,,,,,left_only
51004210594,2.0,0.0,0.0,,,,,,,,,left_only
51004210604,0.0,0.0,0.0,,,,,,,,,left_only
51004210614,0.0,0.0,0.0,,,,,,,,,left_only
51004210624,0.0,0.0,0.0,,,,,,,,,left_only
51004210634,1.0,0.0,0.0,,,,,,,,,left_only
51004210644,0.0,0.0,0.0,,,,,,,,,left_only
51004210654,2.0,2.0,0.0,,,,,,,,,left_only
51004210674,0.0,0.0,0.0,,,,,,,,,left_only
51004210684,0.0,0.0,0.0,,,,,,,,,left_only
51004210694,0.0,0.0,0.0,,,,,,,,,left_only
51004210704,0.0,0.0,0.0,,,,,,,,,left_only
51004210714,1.0,0.0,0.0,,,,,,,,,left_only
51004210724,1.0,0.0,0.0,,,,,,,,,left_only
51004210734,0.0,2.0,0.0,,,,,,,,,left_only
51004210744,0.0,0.0,0.0,,,,,,,,,left_only
51004210764,1.0,0.0,0.0,,,,,,,,,left_only
51004210784,1.0,1.0,1.0,,,,,,,,,left_only
51004210794,0.0,0.0,0.0,,,,,,,,,left_only
51004210804,3.0,1.0,0.0,,,,,,,,,left_only
51004210814,0.0,0.0,0.0,,,,,,,,,left_only
51004220024,0.0,4.0,0.0,,,,,,,,,left_only
51004220034,4.0,5.0,2.0,,,,,,,,,left_only
51004220044,2.0,0.0,0.0,,,,,,,,,left_only
51004220054,3.0,1.0,0.0,,,,,,,,,left_only
51004220064,2.0,1.0,0.0,,,,,,,,,left_only
51004220074,1.0,2.0,0.0,,,,,,,,,left_only
51004220084,0.0,0.0,0.0,,,,,,,,,left_only
51004220094,1.0,2.0,0.0,,,,,,,,,left_only
51004220114,1.0,1.0,0.0,,,,,,,,,left_only
51004220124,2.0,0.0,0.0,,,,,,,,,left_only
51004220134,1.0,0.0,0.0,,,,,,,,,left_only
51004220144,2.0,1.0,3.0,,,,,,,,,left_only
51004220164,3.0,3.0,2.0,,,,,,,,,left_only
51004220174,0.0,0.0,0.0,,,,,,,,,left_only
51004220184,1.0,0.0,0.0,,,,,,,,,left_only
51004220194,0.0,0.0,0.0,,,,,,,,,left_only
51004220224,3.0,3.0,0.0,,,,,,,,,left_only
51004220234,2.0,2.0,0.0,,,,,,,,,left_only
51004220244,2.0,1.0,0.0,,,,,,,,,left_only
51004220254,0.0,0.0,0.0,,,,,,,,,left_only
51004220264,1.0,1.0,0.0,,,,,,,,,left_only
51004220274,3.0,2.0,0.0,,,,,,,,,left_only
51004220284,2.0,4.0,0.0,,,,,,,,,left_only
51004220294,2.0,0.0,0.0,,,,,,,,,left_only
51004220304,2.0,2.0,0.0,,,,,,,,,left_only
51004220334,1.0,0.0,0.0,,,,,,,,,left_only
51004220344,0.0,0.0,0.0,,,,,,,,,left_only
51004220354,0.0,0.0,0.0,,,,,,,,,left_only
51004220364,0.0,0.0,0.0,,,,,,,,,left_only
51004220374,1.0,0.0,0.0,,,,,,,,,left_only
51004220384,0.0,0.0,0.0,,,,,,,,,left_only
51004220394,2.0,3.0,2.0,,,,,,,,,left_only
51004220414,1.0,0.0,0.0,,,,,,,,,left_only
51004220424,0.0,0.0,0.0,,,,,,,,,left_only
51004220444,2.0,0.0,0.0,,,,,,,,,left_only
51004220454,3.0,1.0,0.0,,,,,,,,,left_only
51004220464,1.0,1.0,0.0,,,,,,,,,left_only
51004220474,1.0,0.0,0.0,,,,,,,,,left_only
51004220494,1.0,0.0,0.0,,,,,,,,,left_only
51004220504,0.0,0.0,0.0,,,,,,,,,left_only
51004220514,1.0,0.0,0.0,,,,,,,,,left_only
51004220524,1.0,0.0,0.0,,,,,,,,,left_only
51004220554,0.0,0.0,0.0,,,,,,,,,left_only
51004220564,1.0,0.0,0.0,,,,,,,,,left_only
51004220574,0.0,0.0,0.0,,,,,,,,,left_only
51004220584,1.0,0.0,0.0,,,,,,,,,left_only
51004220594,3.0,6.0,0.0,,,,,,,,,left_only
51004220604,2.0,0.0,0.0,,,,,,,,,left_only
51004220614,1.0,1.0,0.0,,,,,,,,,left_only
51004220624,4.0,3.0,0.0,,,,,,,,,left_only
51004220634,0.0,0.0,0.0,,,,,,,,,left_only
51004220654,0.0,1.0,0.0,,,,,,,,,left_only
51004220664,2.0,0.0,0.0,,,,,,,,,left_only
51004220674,1.0,0.0,0.0,,,,,,,,,left_only
51004220684,4.0,5.0,0.0,,,,,,,,,left_only
51004220694,0.0,0.0,0.0,,,,,,,,,left_only
51004220714,0.0,0.0,0.0,,,,,,,,,left_only
51004220724,0.0,0.0,0.0,,,,,,,,,left_only
51004220734,0.0,0.0,0.0,,,,,,,,,left_only
51004220744,3.0,3.0,0.0,,,,,,,,,left_only
51004220754,1.0,0.0,0.0,,,,,,,,,left_only
51004220774,1.0,0.0,5.0,,,,,,,,,left_only
51004220784,2.0,4.0,0.0,,,,,,,,,left_only
51004220794,2.0,1.0,0.0,,,,,,,,,left_only
51004220804,1.0,1.0,0.0,,,,,,,,,left_only
51004220814,1.0,0.0,0.0,,,,,,,,,left_only
51004220844,1.0,0.0,0.0,,,,,,,,,left_only
51004220854,4.0,0.0,0.0,,,,,,,,,left_only
51004510014,1.0,0.0,0.0,,,,,,,,,left_only
51004510034,1.0,0.0,0.0,,,,,,,,,left_only
51004510044,0.0,0.0,0.0,,,,,,,,,left_only
51004510064,0.0,0.0,0.0,,,,,,,,,left_only
51004510074,0.0,0.0,0.0,,,,,,,,,left_only
51004510124,0.0,0.0,0.0,,,,,,,,,left_only
51004510134,0.0,0.0,0.0,,,,,,,,,left_only
51004510154,0.0,0.0,0.0,,,,,,,,,left_only
51004510164,1.0,1.0,0.0,,,,,,,,,left_only
51004510174,0.0,0.0,0.0,,,,,,,,,left_only
51004510184,0.0,0.0,0.0,,,,,,,,,left_only
51004510194,1.0,2.0,0.0,,,,,,,,,left_only
51004510204,0.0,0.0,0.0,,,,,,,,,left_only
51004510244,0.0,0.0,0.0,,,,,,,,,left_only
51004510264,4.0,3.0,0.0,,,,,,,,,left_only
51004510274,0.0,0.0,0.0,,,,,,,,,left_only
51004510334,0.0,0.0,0.0,,,,,,,,,left_only
51004510344,1.0,1.0,0.0,,,,,,,,,left_only
51004510354,0.0,0.0,0.0,,,,,,,,,left_only
51004510364,0.0,0.0,2.0,,,,,,,,,left_only
51004510384,4.0,2.0,0.0,,,,,,,,,left_only
51004510414,0.0,0.0,0.0,,,,,,,,,left_only
51004510434,1.0,0.0,0.0,,,,,,,,,left_only
51004510444,0.0,0.0,0.0,,,,,,,,,left_only
51004510454,1.0,0.0,0.0,,,,,,,,,left_only
51004510494,0.0,0.0,0.0,,,,,,,,,left_only
51004510504,0.0,0.0,0.0,,,,,,,,,left_only
51004510514,2.0,2.0,0.0,,,,,,,,,left_only
51004510524,0.0,0.0,0.0,,,,,,,,,left_only
51004510554,0.0,2.0,0.0,,,,,,,,,left_only
51004510564,0.0,0.0,0.0,,,,,,,,,left_only
51004510594,0.0,0.0,0.0,,,,,,,,,left_only
51004510604,1.0,1.0,0.0,,,,,,,,,left_only
51004510614,0.0,0.0,0.0,,,,,,,,,left_only
51004510644,0.0,0.0,0.0,,,,,,,,,left_only
51004510654,1.0,1.0,0.0,,,,,,,,,left_only
51004510664,0.0,0.0,0.0,,,,,,,,,left_only
51004510674,2.0,1.0,0.0,,,,,,,,,left_only
51004510704,1.0,1.0,0.0,,,,,,,,,left_only
51004510714,0.0,0.0,0.0,,,,,,,,,left_only
51004520024,0.0,0.0,0.0,,,,,,,,,left_only
51004520044,0.0,0.0,0.0,,,,,,,,,left_only
51004520054,1.0,0.0,0.0,,,,,,,,,left_only
51004520064,0.0,0.0,0.0,,,,,,,,,left_only
51004520074,3.0,1.0,0.0,,,,,,,,,left_only
51004520084,0.0,0.0,0.0,,,,,,,,,left_only
51004520094,2.0,1.0,0.0,,,,,,,,,left_only
51004520104,0.0,0.0,0.0,,,,,,,,,left_only
51004520114,1.0,2.0,0.0,,,,,,,,,left_only
51004520124,0.0,0.0,0.0,,,,,,,,,left_only
51004520134,0.0,0.0,0.0,,,,,,,,,left_only
51004520144,1.0,2.0,0.0,,,,,,,,,left_only
51004520164,1.0,1.0,0.0,,,,,,,,,left_only
51004520174,0.0,1.0,0.0,,,,,,,,,left_only
51004520184,0.0,0.0,0.0,,,,,,,,,left_only
51004520214,1.0,1.0,0.0,,,,,,,,,left_only
51004520234,0.0,0.0,0.0,,,,,,,,,left_only
51004520254,0.0,0.0,0.0,,,,,,,,,left_only
51004520274,0.0,0.0,1.0,,,,,,,,,left_only
51004520284,0.0,0.0,0.0,,,,,,,,,left_only
51004520304,1.0,1.0,0.0,,,,,,,,,left_only
51004520314,0.0,0.0,0.0,,,,,,,,,left_only
51004520324,3.0,1.0,0.0,,,,,,,,,left_only
51004520334,0.0,0.0,0.0,,,,,,,,,left_only
51004520344,1.0,1.0,0.0,,,,,,,,,left_only
51004520354,0.0,0.0,0.0,,,,,,,,,left_only
51004520364,1.0,0.0,0.0,,,,,,,,,left_only
51004520374,0.0,0.0,0.0,,,,,,,,,left_only
51004520384,1.0,2.0,0.0,,,,,,,,,left_only
51004520394,0.0,0.0,0.0,,,,,,,,,left_only
51004520404,2.0,5.0,0.0,,,,,,,,,left_only
51004520474,0.0,0.0,0.0,,,,,,,,,left_only
51004520494,1.0,1.0,0.0,,,,,,,,,left_only
51004520504,1.0,1.0,0.0,,,,,,,,,left_only
51004520534,0.0,0.0,0.0,,,,,,,,,left_only
51004520544,0.0,0.0,0.0,,,,,,,,,left_only
51004520554,0.0,0.0,0.0,,,,,,,,,left_only
51004520594,1.0,0.0,0.0,,,,,,,,,left_only
51004520604,0.0,1.0,0.0,,,,,,,,,left_only
51004520614,0.0,0.0,0.0,,,,,,,,,left_only
51004520654,0.0,0.0,0.0,,,,,,,,,left_only
51004520664,0.0,0.0,0.0,,,,,,,,,left_only
51004520674,2.0,2.0,0.0,,,,,,,,,left_only
51004520764,1.0,0.0,0.0,,,,,,,,,left_only
51004520784,0.0,0.0,0.0,,,,,,,,,left_only
51004520794,1.0,2.0,1.0,,,,,,,,,left_only
51004520804,0.0,0.0,0.0,,,,,,,,,left_only
51004520814,0.0,0.0,0.0,,,,,,,,,left_only
51004610044,9.0,5.0,0.0,,,,,,,,,left_only
51004610054,7.0,5.0,0.0,,,,,,,,,left_only
51004610064,9.0,12.0,0.0,,,,,,,,,left_only
51004610074,5.0,0.0,0.0,,,,,,,,,left_only
51004610084,3.0,7.0,0.0,,,,,,,,,left_only
51004610094,0.0,1.0,0.0,,,,,,,,,left_only
51004610104,3.0,8.0,0.0,,,,,,,,,left_only
51004610114,2.0,0.0,2.0,,,,,,,,,left_only
51004610144,3.0,0.0,0.0,,,,,,,,,left_only
51004610154,1.0,0.0,0.0,,,,,,,,,left_only
51004610164,1.0,2.0,0.0,,,,,,,,,left_only
51004610174,3.0,0.0,0.0,,,,,,,,,left_only
51004610184,3.0,0.0,0.0,,,,,,,,,left_only
51004610204,3.0,0.0,0.0,,,,,,,,,left_only
51004610214,0.0,0.0,0.0,,,,,,,,,left_only
51004610224,1.0,0.0,0.0,,,,,,,,,left_only
51004610234,5.0,0.0,0.0,,,,,,,,,left_only
51004610254,4.0,0.0,0.0,,,,,,,,,left_only
51004610294,6.0,2.0,0.0,,,,,,,,,left_only
51004610304,8.0,2.0,0.0,,,,,,,,,left_only
51004610314,6.0,8.0,1.0,,,,,,,,,left_only
51004610324,2.0,5.0,0.0,,,,,,,,,left_only
51004610334,0.0,0.0,0.0,,,,,,,,,left_only
51004610344,8.0,10.0,0.0,,,,,,,,,left_only
51004610354,4.0,0.0,0.0,,,,,,,,,left_only
51004610364,0.0,5.0,0.0,,,,,,,,,left_only
51004610374,0.0,0.0,0.0,,,,,,,,,left_only
51004610384,8.0,0.0,0.0,,,,,,,,,left_only
51004610394,5.0,7.0,0.0,,,,,,,,,left_only
51004610404,5.0,1.0,0.0,,,,,,,,,left_only
51004610424,0.0,0.0,1.0,,,,,,,,,left_only
51004610434,1.0,0.0,0.0,,,,,,,,,left_only
51004610444,5.0,0.0,0.0,,,,,,,,,left_only
51004610464,3.0,0.0,0.0,,,,,,,,,left_only
51004610474,4.0,1.0,0.0,,,,,,,,,left_only
51004610484,1.0,2.0,0.0,,,,,,,,,left_only
51004610494,2.0,6.0,1.0,,,,,,,,,left_only
51004610504,4.0,1.0,0.0,,,,,,,,,left_only
51004610514,6.0,0.0,0.0,,,,,,,,,left_only
51004610524,2.0,0.0,0.0,,,,,,,,,left_only
51004610534,2.0,3.0,0.0,,,,,,,,,left_only
51004610544,6.0,11.0,0.0,,,,,,,,,left_only
51004610554,5.0,2.0,0.0,,,,,,,,,left_only
51004610564,9.0,1.0,0.0,,,,,,,,,left_only
51004610574,4.0,1.0,0.0,,,,,,,,,left_only
51004610584,6.0,5.0,0.0,,,,,,,,,left_only
51004610614,9.0,9.0,0.0,,,,,,,,,left_only
51004610624,1.0,7.0,0.0,,,,,,,,,left_only
51004610634,4.0,13.0,0.0,,,,,,,,,left_only
51004610644,5.0,0.0,7.0,,,,,,,,,left_only
51004610654,0.0,0.0,1.0,,,,,,,,,left_only
51004610664,13.0,3.0,3.0,,,,,,,,,left_only
51004610674,5.0,1.0,6.0,,,,,,,,,left_only
51004610684,7.0,6.0,4.0,,,,,,,,,left_only
51004610694,1.0,9.0,3.0,,,,,,,,,left_only
51004620014,6.0,5.0,1.0,,,,,,,,,left_only
51004620024,1.0,0.0,2.0,,,,,,,,,left_only
51004620034,4.0,5.0,3.0,,,,,,,,,left_only
51004620054,1.0,1.0,1.0,,,,,,,,,left_only
51004620094,1.0,8.0,2.0,,,,,,,,,left_only
51004620104,1.0,9.0,3.0,,,,,,,,,left_only
51004620114,0.0,0.0,0.0,,,,,,,,,left_only
51004620124,0.0,2.0,0.0,,,,,,,,,left_only
51004620144,0.0,0.0,0.0,,,,,,,,,left_only
51004620154,0.0,0.0,0.0,,,,,,,,,left_only
51004620164,2.0,1.0,0.0,,,,,,,,,left_only
51004620174,0.0,1.0,0.0,,,,,,,,,left_only
51004620184,0.0,1.0,0.0,,,,,,,,,left_only
51004620194,1.0,1.0,0.0,,,,,,,,,left_only
51004620214,0.0,0.0,0.0,,,,,,,,,left_only
51004620224,1.0,1.0,0.0,,,,,,,,,left_only
51004620234,2.0,0.0,0.0,,,,,,,,,left_only
51004620244,1.0,1.0,0.0,,,,,,,,,left_only
51004620254,3.0,1.0,0.0,,,,,,,,,left_only
51004620264,0.0,0.0,0.0,,,,,,,,,left_only
51004620274,2.0,1.0,0.0,,,,,,,,,left_only
51004620284,0.0,1.0,0.0,,,,,,,,,left_only
51004620294,0.0,0.0,0.0,,,,,,,,,left_only
51004620314,2.0,0.0,0.0,,,,,,,,,left_only
51004620324,0.0,2.0,0.0,,,,,,,,,left_only
51004620334,2.0,1.0,0.0,,,,,,,,,left_only
51004620354,0.0,0.0,0.0,,,,,,,,,left_only
51004620374,0.0,0.0,0.0,,,,,,,,,left_only
51004620384,2.0,0.0,0.0,,,,,,,,,left_only
51004620394,0.0,1.0,0.0,,,,,,,,,left_only
51004620404,0.0,0.0,0.0,,,,,,,,,left_only
51004620414,0.0,0.0,0.0,,,,,,,,,left_only
51004620424,1.0,2.0,0.0,,,,,,,,,left_only
51004620434,0.0,1.0,0.0,,,,,,,,,left_only
51004620444,1.0,1.0,0.0,,,,,,,,,left_only
51004620454,0.0,0.0,0.0,,,,,,,,,left_only
51004620464,0.0,0.0,0.0,,,,,,,,,left_only
51004620474,0.0,0.0,0.0,,,,,,,,,left_only
51004620484,1.0,0.0,0.0,,,,,,,,,left_only
51004620504,0.0,1.0,0.0,,,,,,,,,left_only
51004620514,0.0,0.0,0.0,,,,,,,,,left_only
51004620524,0.0,0.0,0.0,,,,,,,,,left_only
51004620534,1.0,1.0,0.0,,,,,,,,,left_only
51004620544,0.0,1.0,0.0,,,,,,,,,left_only
51004620554,2.0,0.0,0.0,,,,,,,,,left_only
51004620574,0.0,0.0,0.0,,,,,,,,,left_only
51004620584,0.0,2.0,0.0,,,,,,,,,left_only
51004620594,1.0,1.0,0.0,,,,,,,,,left_only
51004620614,3.0,6.0,4.0,,,,,,,,,left_only
51004620624,6.0,14.0,0.0,,,,,,,,,left_only
51004620634,1.0,0.0,0.0,,,,,,,,,left_only
51004620644,1.0,0.0,0.0,,,,,,,,,left_only
51004620664,2.0,1.0,0.0,,,,,,,,,left_only
51004620674,0.0,0.0,0.0,,,,,,,,,left_only
51004620684,2.0,0.0,0.0,,,,,,,,,left_only
51004620694,7.0,7.0,0.0,,,,,,,,,left_only
51004620704,4.0,5.0,3.0,,,,,,,,,left_only
51004620714,2.0,6.0,3.0,,,,,,,,,left_only
51004620724,2.0,1.0,4.0,,,,,,,,,left_only
51004620744,8.0,2.0,2.0,,,,,,,,,left_only
51004620754,3.0,1.0,3.0,,,,,,,,,left_only
51004620774,0.0,0.0,0.0,,,,,,,,,left_only
51004620784,2.0,0.0,0.0,,,,,,,,,left_only
51004620794,0.0,0.0,0.0,,,,,,,,,left_only
51004620804,5.0,0.0,1.0,,,,,,,,,left_only
51004620814,7.0,1.0,7.0,,,,,,,,,left_only
51004620824,1.0,1.0,8.0,,,,,,,,,left_only
51004710014,5.0,2.0,0.0,,,,,,,,,left_only
51004710024,4.0,4.0,0.0,,,,,,,,,left_only
51004710034,5.0,1.0,2.0,,,,,,,,,left_only
51004710114,4.0,2.0,1.0,,,,,,,,,left_only
51004710124,6.0,6.0,0.0,,,,,,,,,left_only
51004710134,7.0,1.0,0.0,,,,,,,,,left_only
51004710154,4.0,1.0,0.0,,,,,,,,,left_only
51004710164,6.0,3.0,0.0,,,,,,,,,left_only
51004710184,5.0,0.0,0.0,,,,,,,,,left_only
51004710194,3.0,0.0,0.0,,,,,,,,,left_only
51004710204,5.0,0.0,0.0,,,,,,,,,left_only
51004710214,2.0,2.0,0.0,,,,,,,,,left_only
51004710234,9.0,1.0,1.0,,,,,,,,,left_only
51004710264,5.0,1.0,0.0,,,,,,,,,left_only
51004710274,9.0,2.0,0.0,,,,,,,,,left_only
51004710284,9.0,7.0,0.0,,,,,,,,,left_only
51004710294,5.0,1.0,0.0,,,,,,,,,left_only
51004710304,5.0,1.0,3.0,,,,,,,,,left_only
51004710314,7.0,5.0,0.0,,,,,,,,,left_only
51004710344,2.0,1.0,3.0,,,,,,,,,left_only
51004710374,4.0,0.0,0.0,,,,,,,,,left_only
51004710384,4.0,2.0,0.0,,,,,,,,,left_only
51004710394,4.0,5.0,0.0,,,,,,,,,left_only
51004710414,4.0,3.0,0.0,,,,,,,,,left_only
51004710424,4.0,1.0,0.0,,,,,,,,,left_only
51004710444,3.0,0.0,0.0,,,,,,,,,left_only
51004710454,2.0,0.0,0.0,,,,,,,,,left_only
51004710474,2.0,0.0,0.0,,,,,,,,,left_only
51004710494,2.0,3.0,1.0,,,,,,,,,left_only
51004710504,2.0,2.0,0.0,,,,,,,,,left_only
51004710514,1.0,1.0,0.0,,,,,,,,,left_only
51004710524,6.0,2.0,0.0,,,,,,,,,left_only
51004710544,3.0,1.0,0.0,,,,,,,,,left_only
51004710564,4.0,1.0,0.0,,,,,,,,,left_only
51004710574,3.0,4.0,0.0,,,,,,,,,left_only
51004710584,2.0,0.0,0.0,,,,,,,,,left_only
51004710594,3.0,1.0,0.0,,,,,,,,,left_only
51004710604,3.0,1.0,0.0,,,,,,,,,left_only
51004710624,4.0,0.0,0.0,,,,,,,,,left_only
51004710634,4.0,2.0,0.0,,,,,,,,,left_only
51004710654,5.0,0.0,0.0,,,,,,,,,left_only
51004710684,3.0,5.0,5.0,,,,,,,,,left_only
51004710694,3.0,5.0,0.0,,,,,,,,,left_only
51004710704,4.0,1.0,0.0,,,,,,,,,left_only
51004710724,4.0,7.0,0.0,,,,,,,,,left_only
51004710744,6.0,0.0,0.0,,,,,,,,,left_only
51004710754,4.0,0.0,0.0,,,,,,,,,left_only
51004710804,3.0,1.0,0.0,,,,,,,,,left_only
51004710814,4.0,0.0,0.0,,,,,,,,,left_only
51004720014,3.0,2.0,0.0,,,,,,,,,left_only
51004720024,5.0,3.0,0.0,,,,,,,,,left_only
51004720034,3.0,1.0,0.0,,,,,,,,,left_only
51004720044,3.0,0.0,0.0,,,,,,,,,left_only
51004720054,4.0,2.0,0.0,,,,,,,,,left_only
51004720074,1.0,0.0,0.0,,,,,,,,,left_only
51004720094,3.0,2.0,0.0,,,,,,,,,left_only
51004720104,2.0,0.0,0.0,,,,,,,,,left_only
51004720114,4.0,1.0,0.0,,,,,,,,,left_only
51004720124,0.0,0.0,0.0,,,,,,,,,left_only
51004720144,6.0,1.0,0.0,,,,,,,,,left_only
51004720194,2.0,3.0,0.0,,,,,,,,,left_only
51004720204,0.0,0.0,0.0,,,,,,,,,left_only
51004720214,6.0,1.0,0.0,,,,,,,,,left_only
51004720274,2.0,0.0,0.0,,,,,,,,,left_only
51004720304,6.0,3.0,0.0,,,,,,,,,left_only
51004720314,2.0,2.0,0.0,,,,,,,,,left_only
51004720324,2.0,2.0,0.0,,,,,,,,,left_only
51004720354,5.0,1.0,0.0,,,,,,,,,left_only
51004720394,4.0,0.0,0.0,,,,,,,,,left_only
51004720404,4.0,4.0,0.0,,,,,,,,,left_only
51004720414,6.0,5.0,1.0,,,,,,,,,left_only
51004720424,4.0,0.0,0.0,,,,,,,,,left_only
51004720444,8.0,1.0,0.0,,,,,,,,,left_only
51004720454,7.0,2.0,1.0,,,,,,,,,left_only
51004720474,7.0,1.0,1.0,,,,,,,,,left_only
51004720504,4.0,3.0,0.0,,,,,,,,,left_only
51004720524,5.0,6.0,0.0,,,,,,,,,left_only
51004720534,5.0,2.0,0.0,,,,,,,,,left_only
51004720544,4.0,1.0,0.0,,,,,,,,,left_only
51004720584,8.0,10.0,2.0,,,,,,,,,left_only
51004720604,3.0,1.0,0.0,,,,,,,,,left_only
51004720634,5.0,2.0,1.0,,,,,,,,,left_only
51004720644,8.0,3.0,0.0,,,,,,,,,left_only
8264120104,1.0,0.0,4.0,,,,,,,,,left_only
82641201104,6.0,4.0,3.0,,,,,,,,,left_only
82641201114,4.0,2.0,4.0,,,,,,,,,left_only
82641201124,5.0,0.0,0.0,,,,,,,,,left_only
82641201134,1.0,1.0,0.0,,,,,,,,,left_only
82641201164,2.0,0.0,0.0,,,,,,,,,left_only
82641201174,1.0,0.0,0.0,,,,,,,,,left_only
82641201194,3.0,2.0,0.0,,,,,,,,,left_only
82641201204,4.0,3.0,4.0,,,,,,,,,left_only
82641201214,1.0,1.0,0.0,,,,,,,,,left_only
82641201224,3.0,0.0,0.0,,,,,,,,,left_only
82641201234,4.0,2.0,0.0,,,,,,,,,left_only
82641201244,4.0,2.0,2.0,,,,,,,,,left_only
82641201254,2.0,0.0,0.0,,,,,,,,,left_only
82641201264,2.0,1.0,1.0,,,,,,,,,left_only
82641201274,5.0,4.0,3.0,,,,,,,,,left_only
82641201314,2.0,0.0,0.0,,,,,,,,,left_only
82641201324,2.0,3.0,5.0,,,,,,,,,left_only
8264120134,3.0,2.0,3.0,,,,,,,,,left_only
82641201364,2.0,1.0,1.0,,,,,,,,,left_only
82641201394,3.0,0.0,0.0,,,,,,,,,left_only
82641201414,4.0,0.0,0.0,,,,,,,,,left_only
82641201444,4.0,0.0,0.0,,,,,,,,,left_only
82641201454,2.0,1.0,0.0,,,,,,,,,left_only
82641201464,2.0,1.0,7.0,,,,,,,,,left_only
82641201494,3.0,3.0,0.0,,,,,,,,,left_only
82641201504,1.0,0.0,0.0,,,,,,,,,left_only
82641201564,7.0,9.0,11.0,,,,,,,,,left_only
82641201574,2.0,2.0,0.0,,,,,,,,,left_only
82641201594,4.0,5.0,0.0,,,,,,,,,left_only
82641201654,5.0,1.0,0.0,,,,,,,,,left_only
82641201664,2.0,2.0,0.0,,,,,,,,,left_only
82641201694,4.0,0.0,15.0,,,,,,,,,left_only
8264120174,2.0,1.0,2.0,,,,,,,,,left_only
8264120184,2.0,1.0,0.0,,,,,,,,,left_only
8264120194,4.0,0.0,0.0,,,,,,,,,left_only
82641202104,2.0,1.0,0.0,,,,,,,,,left_only
82641202114,3.0,0.0,1.0,,,,,,,,,left_only
82641202134,4.0,1.0,1.0,,,,,,,,,left_only
82641202154,1.0,3.0,0.0,,,,,,,,,left_only
82641202164,1.0,2.0,1.0,,,,,,,,,left_only
82641202184,1.0,1.0,0.0,,,,,,,,,left_only
82641202194,3.0,0.0,0.0,,,,,,,,,left_only
82641202204,1.0,1.0,0.0,,,,,,,,,left_only
82641202214,1.0,0.0,0.0,,,,,,,,,left_only
82641202234,1.0,0.0,0.0,,,,,,,,,left_only
82641202244,2.0,0.0,2.0,,,,,,,,,left_only
82641202274,1.0,0.0,2.0,,,,,,,,,left_only
82641202284,3.0,1.0,5.0,,,,,,,,,left_only
82641202294,0.0,2.0,2.0,,,,,,,,,left_only
82641202314,7.0,7.0,1.0,,,,,,,,,left_only
82641202324,3.0,0.0,0.0,,,,,,,,,left_only
82641202334,4.0,3.0,0.0,,,,,,,,,left_only
82641202344,4.0,1.0,0.0,,,,,,,,,left_only
82641202394,3.0,1.0,3.0,,,,,,,,,left_only
82641202404,3.0,2.0,8.0,,,,,,,,,left_only
82641202414,1.0,0.0,0.0,,,,,,,,,left_only
82641202424,4.0,0.0,0.0,,,,,,,,,left_only
82641202434,4.0,5.0,11.0,,,,,,,,,left_only
8264120244,1.0,0.0,0.0,,,,,,,,,left_only
82641202454,3.0,1.0,0.0,,,,,,,,,left_only
82641202474,2.0,0.0,0.0,,,,,,,,,left_only
82641202484,2.0,3.0,0.0,,,,,,,,,left_only
82641202494,2.0,2.0,3.0,,,,,,,,,left_only
82641202544,2.0,0.0,0.0,,,,,,,,,left_only
82641202564,2.0,0.0,0.0,,,,,,,,,left_only
82641202574,2.0,0.0,0.0,,,,,,,,,left_only
82641202584,0.0,0.0,0.0,,,,,,,,,left_only
82641202614,4.0,0.0,0.0,,,,,,,,,left_only
82641202624,2.0,0.0,0.0,,,,,,,,,left_only
82641202634,4.0,0.0,0.0,,,,,,,,,left_only
82641202654,7.0,9.0,3.0,,,,,,,,,left_only
82641202664,6.0,0.0,6.0,,,,,,,,,left_only
82641202684,5.0,0.0,0.0,,,,,,,,,left_only
82641202694,4.0,1.0,0.0,,,,,,,,,left_only
82641202744,2.0,1.0,0.0,,,,,,,,,left_only
82641202754,2.0,0.0,0.0,,,,,,,,,left_only
82641202794,2.0,0.0,0.0,,,,,,,,,left_only
82641202804,4.0,1.0,1.0,,,,,,,,,left_only
82641202824,3.0,1.0,6.0,,,,,,,,,left_only
82641202844,2.0,1.0,13.0,,,,,,,,,left_only
882654011004,4.0,4.0,3.0,,,,,,,,,left_only
882654011304,3.0,0.0,0.0,,,,,,,,,left_only
882654011404,2.0,0.0,0.0,,,,,,,,,left_only
882654011504,2.0,0.0,0.0,,,,,,,,,left_only
882654011604,4.0,0.0,0.0,,,,,,,,,left_only
882654011704,1.0,1.0,7.0,,,,,,,,,left_only
882654011904,3.0,1.0,0.0,,,,,,,,,left_only
882654012004,3.0,2.0,0.0,,,,,,,,,left_only
88265401204,5.0,3.0,0.0,,,,,,,,,left_only
882654012404,4.0,0.0,0.0,,,,,,,,,left_only
882654012604,1.0,2.0,0.0,,,,,,,,,left_only
882654012704,1.0,0.0,0.0,,,,,,,,,left_only
882654012804,2.0,0.0,0.0,,,,,,,,,left_only
882654013004,2.0,1.0,2.0,,,,,,,,,left_only
882654013204,4.0,0.0,0.0,,,,,,,,,left_only
882654013504,0.0,0.0,0.0,,,,,,,,,left_only
882654013604,2.0,2.0,0.0,,,,,,,,,left_only
882654013804,0.0,0.0,0.0,,,,,,,,,left_only
882654013904,5.0,0.0,0.0,,,,,,,,,left_only
882654014004,3.0,0.0,0.0,,,,,,,,,left_only
882654014104,3.0,0.0,0.0,,,,,,,,,left_only
882654014204,0.0,0.0,0.0,,,,,,,,,left_only
882654014304,1.0,0.0,0.0,,,,,,,,,left_only
882654014504,2.0,2.0,3.0,,,,,,,,,left_only
882654014704,0.0,0.0,0.0,,,,,,,,,left_only
882654014804,2.0,0.0,0.0,,,,,,,,,left_only
882654014904,2.0,0.0,0.0,,,,,,,,,left_only
88265401504,1.0,0.0,0.0,,,,,,,,,left_only
882654015204,6.0,5.0,17.0,,,,,,,,,left_only
882654015504,4.0,1.0,0.0,,,,,,,,,left_only
882654016304,3.0,0.0,0.0,,,,,,,,,left_only
882654016404,4.0,0.0,11.0,,,,,,,,,left_only
882654016604,2.0,0.0,0.0,,,,,,,,,left_only
882654016904,2.0,1.0,0.0,,,,,,,,,left_only
88265401704,4.0,0.0,0.0,,,,,,,,,left_only
882654017304,3.0,0.0,0.0,,,,,,,,,left_only
882654017404,5.0,0.0,0.0,,,,,,,,,left_only
882654017504,2.0,0.0,13.0,,,,,,,,,left_only
88265401804,2.0,1.0,0.0,,,,,,,,,left_only
882654021204,1.0,0.0,0.0,,,,,,,,,left_only
882654021504,2.0,8.0,14.0,,,,,,,,,left_only
882654021604,3.0,0.0,0.0,,,,,,,,,left_only
882654021704,0.0,0.0,0.0,,,,,,,,,left_only
882654021804,0.0,0.0,0.0,,,,,,,,,left_only
882654021904,0.0,1.0,0.0,,,,,,,,,left_only
882654022004,1.0,0.0,0.0,,,,,,,,,left_only
882654022304,0.0,0.0,0.0,,,,,,,,,left_only
882654022404,0.0,1.0,0.0,,,,,,,,,left_only
882654022704,1.0,0.0,0.0,,,,,,,,,left_only
882654023004,0.0,0.0,6.0,,,,,,,,,left_only
88265402304,0.0,0.0,0.0,,,,,,,,,left_only
882654023104,3.0,4.0,0.0,,,,,,,,,left_only
882654023204,2.0,3.0,0.0,,,,,,,,,left_only
882654023304,3.0,3.0,0.0,,,,,,,,,left_only
882654023404,1.0,0.0,0.0,,,,,,,,,left_only
882654023504,1.0,0.0,0.0,,,,,,,,,left_only
882654023704,0.0,0.0,0.0,,,,,,,,,left_only
882654023804,4.0,1.0,34.0,,,,,,,,,left_only
882654024004,2.0,4.0,0.0,,,,,,,,,left_only
88265402404,1.0,5.0,0.0,,,,,,,,,left_only
882654024204,3.0,5.0,0.0,,,,,,,,,left_only
882654024404,2.0,0.0,0.0,,,,,,,,,left_only
882654024504,1.0,0.0,0.0,,,,,,,,,left_only
882654024804,3.0,3.0,0.0,,,,,,,,,left_only
882654024904,3.0,5.0,10.0,,,,,,,,,left_only
882654025004,3.0,6.0,0.0,,,,,,,,,left_only
882654025204,2.0,0.0,0.0,,,,,,,,,left_only
882654025404,2.0,2.0,0.0,,,,,,,,,left_only
882654025704,1.0,0.0,0.0,,,,,,,,,left_only
882654025804,2.0,0.0,0.0,,,,,,,,,left_only
882654025904,2.0,0.0,0.0,,,,,,,,,left_only
882654026004,0.0,0.0,0.0,,,,,,,,,left_only
88265402604,1.0,2.0,10.0,,,,,,,,,left_only
882654026304,2.0,1.0,0.0,,,,,,,,,left_only
882654026604,3.0,0.0,0.0,,,,,,,,,left_only
882654026904,0.0,0.0,0.0,,,,,,,,,left_only
882654027004,1.0,0.0,1.0,,,,,,,,,left_only
88265402704,0.0,0.0,0.0,,,,,,,,,left_only
882654027704,1.0,3.0,0.0,,,,,,,,,left_only
882654027804,1.0,3.0,0.0,,,,,,,,,left_only
882654027904,1.0,0.0,0.0,,,,,,,,,left_only
882654028004,4.0,4.0,1.0,,,,,,,,,left_only
88265402804,0.0,0.0,0.0,,,,,,,,,left_only
882654028104,3.0,1.0,0.0,,,,,,,,,left_only
882654028204,0.0,0.0,0.0,,,,,,,,,left_only
882654028404,3.0,2.0,0.0,,,,,,,,,left_only
882654028504,4.0,5.0,0.0,,,,,,,,,left_only
882654028804,0.0,2.0,0.0,,,,,,,,,left_only
882654028904,3.0,3.0,0.0,,,,,,,,,left_only
882654029004,2.0,1.0,0.0,,,,,,,,,left_only
88265402904,0.0,0.0,1.0,,,,,,,,,left_only
9070011004,1.0,2.0,11.0,,,,,,,,,left_only
90700110104,4.0,1.0,25.0,,,,,,,,,left_only
90700110204,1.0,3.0,31.0,,,,,,,,,left_only
90700110604,4.0,4.0,18.0,,,,,,,,,left_only
90700110904,1.0,1.0,14.0,,,,,,,,,left_only
9070011104,2.0,0.0,10.0,,,,,,,,,left_only
90700111104,3.0,0.0,0.0,,,,,,,,,left_only
9070011204,4.0,4.0,1.0,,,,,,,,,left_only
9070011504,2.0,4.0,1.0,,,,,,,,,left_only
9070011604,2.0,1.0,0.0,,,,,,,,,left_only
9070011704,3.0,0.0,0.0,,,,,,,,,left_only
9070011804,1.0,0.0,26.0,,,,,,,,,left_only
9070012104,7.0,0.0,0.0,,,,,,,,,left_only
9070012204,4.0,2.0,0.0,,,,,,,,,left_only
9070012404,7.0,1.0,9.0,,,,,,,,,left_only
9070012704,2.0,4.0,1.0,,,,,,,,,left_only
9070012804,5.0,3.0,34.0,,,,,,,,,left_only
9070013104,0.0,1.0,4.0,,,,,,,,,left_only
9070013404,8.0,4.0,16.0,,,,,,,,,left_only
9070013504,7.0,0.0,26.0,,,,,,,,,left_only
9070013604,4.0,1.0,0.0,,,,,,,,,left_only
9070013704,4.0,4.0,0.0,,,,,,,,,left_only
9070014004,6.0,1.0,10.0,,,,,,,,,left_only
9070014304,7.0,2.0,1.0,,,,,,,,,left_only
9070014504,3.0,0.0,12.0,,,,,,,,,left_only
9070014804,6.0,2.0,2.0,,,,,,,,,left_only
9070014904,5.0,1.0,12.0,,,,,,,,,left_only
9070015004,1.0,0.0,0.0,,,,,,,,,left_only
907001504,1.0,2.0,38.0,,,,,,,,,left_only
9070015204,1.0,0.0,0.0,,,,,,,,,left_only
9070015504,4.0,1.0,0.0,,,,,,,,,left_only
9070015604,0.0,0.0,0.0,,,,,,,,,left_only
9070015704,5.0,0.0,1.0,,,,,,,,,left_only
9070015804,5.0,3.0,6.0,,,,,,,,,left_only
9070016004,9.0,0.0,12.0,,,,,,,,,left_only
907001604,1.0,0.0,0.0,,,,,,,,,left_only
9070016204,4.0,0.0,32.0,,,,,,,,,left_only
9070016504,4.0,0.0,0.0,,,,,,,,,left_only
9070016704,2.0,3.0,25.0,,,,,,,,,left_only
9070016804,5.0,2.0,3.0,,,,,,,,,left_only
907001704,8.0,3.0,19.0,,,,,,,,,left_only
9070017304,4.0,2.0,1.0,,,,,,,,,left_only
9070017404,4.0,2.0,6.0,,,,,,,,,left_only
9070017804,5.0,0.0,0.0,,,,,,,,,left_only
9070017904,5.0,1.0,7.0,,,,,,,,,left_only
907001804,2.0,0.0,15.0,,,,,,,,,left_only
9070018204,6.0,6.0,18.0,,,,,,,,,left_only
9070018404,3.0,0.0,6.0,,,,,,,,,left_only
9070018504,6.0,3.0,48.0,,,,,,,,,left_only
9070018604,1.0,4.0,11.0,,,,,,,,,left_only
907001904,5.0,0.0,4.0,,,,,,,,,left_only
9070019104,10.0,9.0,42.0,,,,,,,,,left_only
9070019404,2.0,0.0,60.0,,,,,,,,,left_only
9070019504,5.0,3.0,0.0,,,,,,,,,left_only
9070019704,5.0,1.0,17.0,,,,,,,,,left_only
92890101114,1.0,4.0,0.0,,,,,,,,,left_only
92890101124,4.0,3.0,0.0,,,,,,,,,left_only
92890101134,0.0,0.0,2.0,,,,,,,,,left_only
92890101144,8.0,1.0,5.0,,,,,,,,,left_only
92890101154,3.0,4.0,2.0,,,,,,,,,left_only
92890101174,3.0,1.0,0.0,,,,,,,,,left_only
92890101184,0.0,0.0,0.0,,,,,,,,,left_only
92890101194,4.0,0.0,0.0,,,,,,,,,left_only
92890101204,3.0,0.0,0.0,,,,,,,,,left_only
92890101214,2.0,0.0,0.0,,,,,,,,,left_only
92890101274,7.0,3.0,0.0,,,,,,,,,left_only
92890101314,8.0,6.0,0.0,,,,,,,,,left_only
92890101324,4.0,2.0,1.0,,,,,,,,,left_only
92890101334,3.0,2.0,0.0,,,,,,,,,left_only
92890101344,2.0,0.0,0.0,,,,,,,,,left_only
92890101384,3.0,0.0,0.0,,,,,,,,,left_only
92890101394,4.0,0.0,0.0,,,,,,,,,left_only
92890101434,6.0,5.0,3.0,,,,,,,,,left_only
92890101444,7.0,2.0,0.0,,,,,,,,,left_only
92890101454,1.0,0.0,0.0,,,,,,,,,left_only
92890101474,2.0,3.0,0.0,,,,,,,,,left_only
92890101494,2.0,2.0,0.0,,,,,,,,,left_only
92890101504,2.0,0.0,0.0,,,,,,,,,left_only
92890101514,6.0,0.0,9.0,,,,,,,,,left_only
92890101524,2.0,1.0,10.0,,,,,,,,,left_only
92890101534,3.0,5.0,0.0,,,,,,,,,left_only
92890101544,4.0,2.0,0.0,,,,,,,,,left_only
92890101554,0.0,1.0,0.0,,,,,,,,,left_only
92890101574,0.0,0.0,0.0,,,,,,,,,left_only
92890101584,2.0,2.0,0.0,,,,,,,,,left_only
92890101604,6.0,5.0,0.0,,,,,,,,,left_only
92890101614,5.0,6.0,2.0,,,,,,,,,left_only
92890101634,5.0,6.0,1.0,,,,,,,,,left_only
9289010164,10.0,11.0,6.0,,,,,,,,,left_only
92890101664,11.0,8.0,13.0,,,,,,,,,left_only
92890101674,4.0,1.0,3.0,,,,,,,,,left_only
9289010184,1.0,0.0,0.0,,,,,,,,,left_only
92890102104,1.0,2.0,1.0,,,,,,,,,left_only
92890102114,6.0,5.0,0.0,,,,,,,,,left_only
92890102164,0.0,0.0,0.0,,,,,,,,,left_only
92890102214,2.0,1.0,0.0,,,,,,,,,left_only
92890102224,1.0,0.0,0.0,,,,,,,,,left_only
92890102234,1.0,0.0,0.0,,,,,,,,,left_only
92890102274,0.0,0.0,2.0,,,,,,,,,left_only
92890102294,6.0,0.0,1.0,,,,,,,,,left_only
92890102304,6.0,1.0,10.0,,,,,,,,,left_only
92890102314,2.0,3.0,0.0,,,,,,,,,left_only
92890102324,0.0,0.0,0.0,,,,,,,,,left_only
92890102334,1.0,2.0,0.0,,,,,,,,,left_only
9289010234,5.0,5.0,0.0,,,,,,,,,left_only
92890102354,3.0,0.0,0.0,,,,,,,,,left_only
92890102424,0.0,0.0,0.0,,,,,,,,,left_only
92890102434,1.0,1.0,0.0,,,,,,,,,left_only
92890102444,0.0,0.0,0.0,,,,,,,,,left_only
92890102454,0.0,1.0,0.0,,,,,,,,,left_only
92890102484,2.0,0.0,0.0,,,,,,,,,left_only
92890102494,0.0,0.0,0.0,,,,,,,,,left_only
92890102504,3.0,2.0,1.0,,,,,,,,,left_only
92890102514,5.0,5.0,1.0,,,,,,,,,left_only
92890102534,4.0,3.0,0.0,,,,,,,,,left_only
92890102544,4.0,2.0,0.0,,,,,,,,,left_only
92890102574,2.0,0.0,0.0,,,,,,,,,left_only
92890102594,0.0,1.0,0.0,,,,,,,,,left_only
92890102614,0.0,0.0,0.0,,,,,,,,,left_only
92890102624,0.0,1.0,0.0,,,,,,,,,left_only
92890102634,2.0,2.0,0.0,,,,,,,,,left_only
9289010264,4.0,3.0,3.0,,,,,,,,,left_only
92890102654,0.0,0.0,0.0,,,,,,,,,left_only
92890102664,2.0,1.0,0.0,,,,,,,,,left_only
92890102674,1.0,0.0,0.0,,,,,,,,,left_only
92890102684,1.0,0.0,0.0,,,,,,,,,left_only
92890102694,5.0,5.0,0.0,,,,,,,,,left_only
92890102704,0.0,0.0,0.0,,,,,,,,,left_only
92890102714,0.0,1.0,0.0,,,,,,,,,left_only
92890102734,7.0,6.0,16.0,,,,,,,,,left_only
92890102744,3.0,2.0,4.0,,,,,,,,,left_only
92890102754,0.0,0.0,1.0,,,,,,,,,left_only
92890102764,10.0,6.0,11.0,,,,,,,,,left_only
92890102784,3.0,0.0,0.0,,,,,,,,,left_only
9289010284,0.0,0.0,0.0,,,,,,,,,left_only
9289010294,0.0,0.0,0.0,,,,,,,,,left_only
94032801104,3.0,0.0,0.0,,,,,,,,,left_only
94032801124,4.0,4.0,0.0,,,,,,,,,left_only
94032801144,5.0,1.0,1.0,,,,,,,,,left_only
94032801154,7.0,3.0,0.0,,,,,,,,,left_only
94032801164,4.0,1.0,0.0,,,,,,,,,left_only
94032801174,2.0,0.0,0.0,,,,,,,,,left_only
9403280124,7.0,1.0,1.0,,,,,,,,,left_only
94032801264,3.0,1.0,0.0,,,,,,,,,left_only
94032801294,8.0,5.0,0.0,,,,,,,,,left_only
94032801324,4.0,1.0,0.0,,,,,,,,,left_only
94032801344,7.0,5.0,0.0,,,,,,,,,left_only
94032801364,5.0,4.0,0.0,,,,,,,,,left_only
94032801384,5.0,0.0,0.0,,,,,,,,,left_only
94032801404,2.0,2.0,0.0,,,,,,,,,left_only
94032801434,2.0,0.0,0.0,,,,,,,,,left_only
9403280144,6.0,4.0,0.0,,,,,,,,,left_only
94032801454,4.0,3.0,0.0,,,,,,,,,left_only
94032801464,4.0,4.0,0.0,,,,,,,,,left_only
94032801474,6.0,4.0,0.0,,,,,,,,,left_only
94032801494,5.0,2.0,0.0,,,,,,,,,left_only
94032801504,7.0,3.0,0.0,,,,,,,,,left_only
94032801514,2.0,0.0,0.0,,,,,,,,,left_only
94032801524,1.0,1.0,0.0,,,,,,,,,left_only
94032801554,11.0,2.0,5.0,,,,,,,,,left_only
94032801564,4.0,0.0,0.0,,,,,,,,,left_only
94032801574,7.0,5.0,0.0,,,,,,,,,left_only
94032801594,6.0,0.0,0.0,,,,,,,,,left_only
94032801644,5.0,6.0,0.0,,,,,,,,,left_only
94032801654,6.0,2.0,0.0,,,,,,,,,left_only
94032801674,3.0,1.0,0.0,,,,,,,,,left_only
9403280174,4.0,2.0,0.0,,,,,,,,,left_only
9403280184,3.0,0.0,0.0,,,,,,,,,left_only
94032802124,1.0,0.0,0.0,,,,,,,,,left_only
94032802134,2.0,0.0,0.0,,,,,,,,,left_only
94032802174,2.0,2.0,0.0,,,,,,,,,left_only
94032802184,1.0,1.0,0.0,,,,,,,,,left_only
94032802194,0.0,0.0,0.0,,,,,,,,,left_only
9403280224,4.0,1.0,0.0,,,,,,,,,left_only
94032802274,4.0,4.0,0.0,,,,,,,,,left_only
94032802294,0.0,0.0,0.0,,,,,,,,,left_only
94032802344,2.0,0.0,0.0,,,,,,,,,left_only
94032802354,2.0,1.0,0.0,,,,,,,,,left_only
94032802364,3.0,1.0,0.0,,,,,,,,,left_only
94032802384,0.0,0.0,0.0,,,,,,,,,left_only
94032802414,3.0,0.0,0.0,,,,,,,,,left_only
94032802434,0.0,0.0,0.0,,,,,,,,,left_only
94032802454,0.0,0.0,0.0,,,,,,,,,left_only
94032802464,2.0,3.0,2.0,,,,,,,,,left_only
94032802474,1.0,3.0,2.0,,,,,,,,,left_only
94032802494,1.0,2.0,0.0,,,,,,,,,left_only
94032802504,3.0,1.0,0.0,,,,,,,,,left_only
94032802514,2.0,1.0,0.0,,,,,,,,,left_only
94032802544,3.0,2.0,0.0,,,,,,,,,left_only
94032802554,0.0,0.0,0.0,,,,,,,,,left_only
94032802564,2.0,0.0,2.0,,,,,,,,,left_only
94032802594,0.0,0.0,0.0,,,,,,,,,left_only
94032802604,3.0,1.0,1.0,,,,,,,,,left_only
94032802624,0.0,1.0,0.0,,,,,,,,,left_only
94032802654,6.0,4.0,0.0,,,,,,,,,left_only
94032802664,3.0,1.0,0.0,,,,,,,,,left_only
94032802714,2.0,1.0,1.0,,,,,,,,,left_only
94032802724,2.0,2.0,0.0,,,,,,,,,left_only
94032802734,2.0,2.0,0.0,,,,,,,,,left_only
94032802774,1.0,2.0,1.0,,,,,,,,,left_only
94032802794,1.0,1.0,0.0,,,,,,,,,left_only
98773601114,4.0,1.0,2.0,,,,,,,,,left_only
98773601134,4.0,2.0,2.0,,,,,,,,,left_only
98773601144,3.0,3.0,1.0,,,,,,,,,left_only
98773601154,0.0,0.0,1.0,,,,,,,,,left_only
98773601164,8.0,0.0,0.0,,,,,,,,,left_only
98773601174,7.0,1.0,4.0,,,,,,,,,left_only
98773601204,1.0,9.0,4.0,,,,,,,,,left_only
98773601214,0.0,0.0,0.0,,,,,,,,,left_only
98773601244,3.0,2.0,0.0,,,,,,,,,left_only
98773601254,1.0,2.0,1.0,,,,,,,,,left_only
98773601264,5.0,2.0,0.0,,,,,,,,,left_only
98773601274,3.0,1.0,0.0,,,,,,,,,left_only
98773601284,3.0,2.0,0.0,,,,,,,,,left_only
98773601304,3.0,2.0,0.0,,,,,,,,,left_only
98773601314,3.0,0.0,0.0,,,,,,,,,left_only
98773601324,1.0,0.0,0.0,,,,,,,,,left_only
98773601334,1.0,1.0,1.0,,,,,,,,,left_only
98773601344,5.0,2.0,0.0,,,,,,,,,left_only
98773601354,4.0,3.0,0.0,,,,,,,,,left_only
98773601384,1.0,1.0,0.0,,,,,,,,,left_only
98773601404,3.0,0.0,0.0,,,,,,,,,left_only
98773601414,9.0,3.0,2.0,,,,,,,,,left_only
98773601434,4.0,3.0,0.0,,,,,,,,,left_only
9877360144,4.0,1.0,1.0,,,,,,,,,left_only
98773601474,3.0,0.0,1.0,,,,,,,,,left_only
98773601494,6.0,0.0,0.0,,,,,,,,,left_only
98773601514,5.0,6.0,3.0,,,,,,,,,left_only
98773601524,1.0,0.0,0.0,,,,,,,,,left_only
98773601544,6.0,1.0,0.0,,,,,,,,,left_only
98773601564,2.0,0.0,0.0,,,,,,,,,left_only
98773601574,2.0,2.0,0.0,,,,,,,,,left_only
98773601584,2.0,0.0,0.0,,,,,,,,,left_only
98773601594,4.0,1.0,0.0,,,,,,,,,left_only
98773601634,3.0,0.0,4.0,,,,,,,,,left_only
98773601644,3.0,3.0,0.0,,,,,,,,,left_only
98773601654,3.0,1.0,0.0,,,,,,,,,left_only
98773601664,2.0,5.0,0.0,,,,,,,,,left_only
98773601684,4.0,7.0,1.0,,,,,,,,,left_only
98773601694,3.0,1.0,1.0,,,,,,,,,left_only
98773601704,6.0,6.0,1.0,,,,,,,,,left_only
98773601724,5.0,0.0,3.0,,,,,,,,,left_only
98773601734,5.0,0.0,5.0,,,,,,,,,left_only
98773601744,6.0,4.0,2.0,,,,,,,,,left_only
98773601754,4.0,0.0,1.0,,,,,,,,,left_only
98773601774,2.0,0.0,0.0,,,,,,,,,left_only
98773601804,7.0,0.0,1.0,,,,,,,,,left_only
98773601814,13.0,0.0,4.0,,,,,,,,,left_only
98773601824,6.0,0.0,0.0,,,,,,,,,left_only
98773601834,3.0,2.0,0.0,,,,,,,,,left_only
98773601844,5.0,6.0,6.0,,,,,,,,,left_only
98773601854,7.0,5.0,0.0,,,,,,,,,left_only
98773602104,4.0,1.0,1.0,,,,,,,,,left_only
98773602124,3.0,6.0,0.0,,,,,,,,,left_only
98773602134,8.0,5.0,0.0,,,,,,,,,left_only
98773602154,4.0,0.0,1.0,,,,,,,,,left_only
98773602174,1.0,0.0,0.0,,,,,,,,,left_only
98773602214,2.0,0.0,0.0,,,,,,,,,left_only
98773602234,1.0,0.0,5.0,,,,,,,,,left_only
9877360224,4.0,2.0,0.0,,,,,,,,,left_only
98773602254,5.0,0.0,0.0,,,,,,,,,left_only
98773602264,5.0,0.0,0.0,,,,,,,,,left_only
98773602274,1.0,1.0,0.0,,,,,,,,,left_only
98773602284,3.0,0.0,0.0,,,,,,,,,left_only
98773602294,3.0,2.0,0.0,,,,,,,,,left_only
98773602314,3.0,1.0,1.0,,,,,,,,,left_only
98773602324,6.0,1.0,0.0,,,,,,,,,left_only
98773602344,0.0,2.0,0.0,,,,,,,,,left_only
98773602384,2.0,0.0,0.0,,,,,,,,,left_only
98773602394,1.0,1.0,0.0,,,,,,,,,left_only
98773602404,1.0,0.0,0.0,,,,,,,,,left_only
98773602414,1.0,3.0,0.0,,,,,,,,,left_only
98773602424,1.0,2.0,0.0,,,,,,,,,left_only
9877360244,6.0,0.0,1.0,,,,,,,,,left_only
98773602474,8.0,8.0,2.0,,,,,,,,,left_only
98773602484,6.0,2.0,0.0,,,,,,,,,left_only
98773602504,2.0,2.0,0.0,,,,,,,,,left_only
98773602524,5.0,8.0,0.0,,,,,,,,,left_only
98773602534,1.0,0.0,0.0,,,,,,,,,left_only
98773602544,0.0,1.0,0.0,,,,,,,,,left_only
98773602564,3.0,0.0,0.0,,,,,,,,,left_only
98773602584,3.0,4.0,3.0,,,,,,,,,left_only
98773602594,6.0,1.0,0.0,,,,,,,,,left_only
98773602614,6.0,3.0,0.0,,,,,,,,,left_only
98773602624,0.0,2.0,0.0,,,,,,,,,left_only
98773602644,5.0,4.0,0.0,,,,,,,,,left_only
98773602704,6.0,6.0,1.0,,,,,,,,,left_only
98773602714,2.0,2.0,0.0,,,,,,,,,left_only
98773602734,6.0,4.0,0.0,,,,,,,,,left_only
9877360274,6.0,0.0,0.0,,,,,,,,,left_only
98773602794,2.0,0.0,0.0,,,,,,,,,left_only
98773602814,2.0,0.0,0.0,,,,,,,,,left_only
9877360284,9.0,2.0,1.0,,,,,,,,,left_only
9877360294,6.0,0.0,1.0,,,,,,,,,left_only
99882601124,0.0,0.0,0.0,,,,,,,,,left_only
9988260114,0.0,3.0,1.0,,,,,,,,,left_only
99882601154,0.0,0.0,0.0,,,,,,,,,left_only
99882601194,0.0,0.0,0.0,,,,,,,,,left_only
99882601214,0.0,0.0,0.0,,,,,,,,,left_only
99882601234,2.0,1.0,0.0,,,,,,,,,left_only
99882601264,1.0,1.0,0.0,,,,,,,,,left_only
99882601274,2.0,2.0,2.0,,,,,,,,,left_only
99882601294,0.0,0.0,0.0,,,,,,,,,left_only
99882601304,1.0,0.0,0.0,,,,,,,,,left_only
99882601324,2.0,2.0,2.0,,,,,,,,,left_only
99882601334,1.0,0.0,0.0,,,,,,,,,left_only
9988260134,0.0,0.0,0.0,,,,,,,,,left_only
99882601344,1.0,0.0,2.0,,,,,,,,,left_only
99882601354,1.0,0.0,0.0,,,,,,,,,left_only
99882601374,3.0,0.0,0.0,,,,,,,,,left_only
99882601384,0.0,1.0,0.0,,,,,,,,,left_only
99882601394,1.0,0.0,0.0,,,,,,,,,left_only
99882601414,3.0,1.0,0.0,,,,,,,,,left_only
99882601434,1.0,0.0,0.0,,,,,,,,,left_only
9988260144,1.0,0.0,0.0,,,,,,,,,left_only
99882601444,3.0,4.0,0.0,,,,,,,,,left_only
99882601454,0.0,0.0,0.0,,,,,,,,,left_only
99882601464,0.0,0.0,0.0,,,,,,,,,left_only
99882601504,0.0,1.0,2.0,,,,,,,,,left_only
99882601524,0.0,0.0,0.0,,,,,,,,,left_only
99882601544,2.0,0.0,0.0,,,,,,,,,left_only
99882601574,0.0,1.0,1.0,,,,,,,,,left_only
99882601604,1.0,1.0,0.0,,,,,,,,,left_only
99882601634,0.0,0.0,0.0,,,,,,,,,left_only
9988260164,0.0,0.0,0.0,,,,,,,,,left_only
99882601654,1.0,0.0,0.0,,,,,,,,,left_only
99882601674,1.0,1.0,0.0,,,,,,,,,left_only
9988260174,0.0,0.0,0.0,,,,,,,,,left_only
9988260194,1.0,1.0,7.0,,,,,,,,,left_only
99882602104,0.0,0.0,0.0,,,,,,,,,left_only
99882602114,1.0,0.0,0.0,,,,,,,,,left_only
99882602124,1.0,1.0,0.0,,,,,,,,,left_only
9988260214,2.0,0.0,1.0,,,,,,,,,left_only
99882602144,0.0,0.0,0.0,,,,,,,,,left_only
99882602154,0.0,0.0,0.0,,,,,,,,,left_only
99882602164,0.0,3.0,0.0,,,,,,,,,left_only
99882602174,2.0,2.0,0.0,,,,,,,,,left_only
99882602224,1.0,0.0,0.0,,,,,,,,,left_only
9988260224,2.0,0.0,0.0,,,,,,,,,left_only
99882602244,0.0,0.0,0.0,,,,,,,,,left_only
99882602274,0.0,0.0,0.0,,,,,,,,,left_only
99882602284,0.0,0.0,0.0,,,,,,,,,left_only
99882602294,1.0,0.0,0.0,,,,,,,,,left_only
99882602304,0.0,0.0,0.0,,,,,,,,,left_only
99882602314,0.0,0.0,0.0,,,,,,,,,left_only
99882602324,2.0,0.0,0.0,,,,,,,,,left_only
99882602334,0.0,0.0,0.0,,,,,,,,,left_only
9988260234,2.0,8.0,0.0,,,,,,,,,left_only
99882602344,0.0,0.0,0.0,,,,,,,,,left_only
99882602354,0.0,0.0,0.0,,,,,,,,,left_only
99882602364,1.0,0.0,0.0,,,,,,,,,left_only
99882602374,0.0,0.0,0.0,,,,,,,,,left_only
99882602394,0.0,0.0,0.0,,,,,,,,,left_only
99882602404,1.0,0.0,0.0,,,,,,,,,left_only
99882602414,0.0,0.0,0.0,,,,,,,,,left_only
99882602424,3.0,1.0,0.0,,,,,,,,,left_only
99882602434,3.0,1.0,0.0,,,,,,,,,left_only
9988260244,0.0,1.0,0.0,,,,,,,,,left_only
99882602454,0.0,0.0,0.0,,,,,,,,,left_only
99882602464,0.0,0.0,0.0,,,,,,,,,left_only
99882602474,8.0,5.0,0.0,,,,,,,,,left_only
99882602484,0.0,0.0,0.0,,,,,,,,,left_only
99882602494,0.0,0.0,0.0,,,,,,,,,left_only
99882602504,0.0,0.0,0.0,,,,,,,,,left_only
99882602514,3.0,4.0,0.0,,,,,,,,,left_only
99882602544,0.0,0.0,0.0,,,,,,,,,left_only
99882602554,0.0,0.0,0.0,,,,,,,,,left_only
99882602574,0.0,0.0,0.0,,,,,,,,,left_only
99882602594,2.0,0.0,0.0,,,,,,,,,left_only
9988260264,0.0,0.0,0.0,,,,,,,,,left_only
99882602644,0.0,0.0,0.0,,,,,,,,,left_only
99882602684,2.0,2.0,0.0,,,,,,,,,left_only
99882602694,2.0,1.0,0.0,,,,,,,,,left_only
99882602704,0.0,5.0,0.0,,,,,,,,,left_only
99882602734,0.0,0.0,3.0,,,,,,,,,left_only
99882602754,1.0,0.0,0.0,,,,,,,,,left_only
99882602764,0.0,0.0,0.0,,,,,,,,,left_only
99882602774,1.0,0.0,0.0,,,,,,,,,left_only
99882602794,0.0,0.0,0.0,,,,,,,,,left_only
99882602814,0.0,0.0,0.0,,,,,,,,,left_only
